opcode,candidate,evidence_status,receiver_handled,receiver_target_va,family,record_count,recording_count,payload_length_histogram,static_copy_bytes,request_payload_bytes,formatter_payload_bytes,field_evidence,unresolved,validation_plan_id,offline_next,runtime_scenario,negative_control,pass_criterion,source_evidence
0x0000,float 4바이트 읽기와 FUN_004eaf50 호출,처리 분기만 확인,True,004d0064,미분류·기록/빌드 차이,0,0,{},4,,4,float 4바이트 읽기와 FUN_004eaf50 호출,값의 단위·네트워크 제어 의미를 소비자에서 확인해야 함,V00,"모든 직접 호출과 serializer 역참조, RTTI/apply, 문자열·호출자를 조사한다. 관측 길이별로 비교하고 수신기 기본 경로인 경우 다른 방향/빌드를 먼저 확인한다.",대상 float 4바이트 읽기와 FUN_004eaf50 호출: 소비 경로로 행동 후보를 좁힌 다음 후보 행동을 하나씩 독립 기록하고 가능하면 실제 송수신 경로와 함께 대조한다.,"무행동, 비슷한 다른 행동, 다른 모드/상태/빌드를 대조한다.",특정 행동과 필드 해석을 지지하는 사례와 반증 대조를 함께 확보하기 전에는 unknown을 유지한다. 미관측을 미사용/예약 코드로 단정하지 않는다.,vg-binary-event-candidates-2026-09-09.json (candidates opcode=0x0000)
0x0005,미명명 패킷 후보,패킷 직렬화 경로 확인,False,,미분류·기록/빌드 차이,0,0,{},,,132,"고정 header의 u16 길이/opcode 상수와 payload 복사 크기, 공통 전달 함수 호출 확인; payload 의미와 기록 방향은 미확정",처리 분기 또는 native 이름만으로 목적·필드·통신 방향·사용 조건을 확정할 수 없음,V00,"모든 직접 호출과 serializer 역참조, RTTI/apply, 문자열·호출자를 조사한다. 관측 길이별로 비교하고 수신기 기본 경로인 경우 다른 방향/빌드를 먼저 확인한다.",대상 미명명 패킷 후보: 소비 경로로 행동 후보를 좁힌 다음 후보 행동을 하나씩 독립 기록하고 가능하면 실제 송수신 경로와 함께 대조한다.,"무행동, 비슷한 다른 행동, 다른 모드/상태/빌드를 대조한다.",특정 행동과 필드 해석을 지지하는 사례와 반증 대조를 함께 확보하기 전에는 unknown을 유지한다. 미관측을 미사용/예약 코드로 단정하지 않는다.,vg-binary-event-candidates-2026-09-09.json (candidates opcode=0x0005)
0x0006,미명명 후보,처리 분기만 확인,True,004cff7f,미분류·기록/빌드 차이,0,0,{},1,,,분기 복사 크기·byte order helper·생성자 저장 위치를 근거에 보존; 필드 이름은 미확정,처리 분기 또는 native 이름만으로 목적·필드·통신 방향·사용 조건을 확정할 수 없음,V00,"모든 직접 호출과 serializer 역참조, RTTI/apply, 문자열·호출자를 조사한다. 관측 길이별로 비교하고 수신기 기본 경로인 경우 다른 방향/빌드를 먼저 확인한다.",대상 미명명 후보: 소비 경로로 행동 후보를 좁힌 다음 후보 행동을 하나씩 독립 기록하고 가능하면 실제 송수신 경로와 함께 대조한다.,"무행동, 비슷한 다른 행동, 다른 모드/상태/빌드를 대조한다.",특정 행동과 필드 해석을 지지하는 사례와 반증 대조를 함께 확보하기 전에는 unknown을 유지한다. 미관측을 미사용/예약 코드로 단정하지 않는다.,vg-binary-event-candidates-2026-09-09.json (candidates opcode=0x0006)
0x03e8,미명명 패킷 후보,패킷 직렬화 경로 확인,False,,미분류·기록/빌드 차이,56,27,"{""70"": 56}",,,64,"고정 header의 u16 길이/opcode 상수와 payload 복사 크기, 공통 전달 함수 호출 확인; payload 의미와 기록 방향은 미확정",처리 분기 또는 native 이름만으로 목적·필드·통신 방향·사용 조건을 확정할 수 없음,V00,"모든 직접 호출과 serializer 역참조, RTTI/apply, 문자열·호출자를 조사한다. 관측 길이별로 비교하고 수신기 기본 경로인 경우 다른 방향/빌드를 먼저 확인한다.",대상 미명명 패킷 후보: 소비 경로로 행동 후보를 좁힌 다음 후보 행동을 하나씩 독립 기록하고 가능하면 실제 송수신 경로와 함께 대조한다.,"무행동, 비슷한 다른 행동, 다른 모드/상태/빌드를 대조한다.",특정 행동과 필드 해석을 지지하는 사례와 반증 대조를 함께 확보하기 전에는 unknown을 유지한다. 미관측을 미사용/예약 코드로 단정하지 않는다.,vg-binary-event-candidates-2026-09-09.json (candidates opcode=0x03e8)
0x03e9,미명명 후보,처리 분기만 확인,True,004d00b2,미분류·기록/빌드 차이,7870,56,"{""101"": 7870}",101,,,분기 복사 크기·byte order helper·생성자 저장 위치를 근거에 보존; 필드 이름은 미확정,처리 분기 또는 native 이름만으로 목적·필드·통신 방향·사용 조건을 확정할 수 없음,V00,"모든 직접 호출과 serializer 역참조, RTTI/apply, 문자열·호출자를 조사한다. 관측 길이별로 비교하고 수신기 기본 경로인 경우 다른 방향/빌드를 먼저 확인한다.",대상 미명명 후보: 소비 경로로 행동 후보를 좁힌 다음 후보 행동을 하나씩 독립 기록하고 가능하면 실제 송수신 경로와 함께 대조한다.,"무행동, 비슷한 다른 행동, 다른 모드/상태/빌드를 대조한다.",특정 행동과 필드 해석을 지지하는 사례와 반증 대조를 함께 확보하기 전에는 unknown을 유지한다. 미관측을 미사용/예약 코드로 단정하지 않는다.,vg-binary-event-candidates-2026-09-09.json (candidates opcode=0x03e9)
0x03ea,미명명 후보,처리 분기만 확인,True,004d4547,미분류·기록/빌드 차이,0,0,{},4,,,분기 복사 크기·byte order helper·생성자 저장 위치를 근거에 보존; 필드 이름은 미확정,처리 분기 또는 native 이름만으로 목적·필드·통신 방향·사용 조건을 확정할 수 없음,V00,"모든 직접 호출과 serializer 역참조, RTTI/apply, 문자열·호출자를 조사한다. 관측 길이별로 비교하고 수신기 기본 경로인 경우 다른 방향/빌드를 먼저 확인한다.",대상 미명명 후보: 소비 경로로 행동 후보를 좁힌 다음 후보 행동을 하나씩 독립 기록하고 가능하면 실제 송수신 경로와 함께 대조한다.,"무행동, 비슷한 다른 행동, 다른 모드/상태/빌드를 대조한다.",특정 행동과 필드 해석을 지지하는 사례와 반증 대조를 함께 확보하기 전에는 unknown을 유지한다. 미관측을 미사용/예약 코드로 단정하지 않는다.,vg-binary-event-candidates-2026-09-09.json (candidates opcode=0x03ea)
0x03eb,미명명 후보,처리 분기만 확인,True,004d4592,미분류·기록/빌드 차이,0,0,{},4,,,분기 복사 크기·byte order helper·생성자 저장 위치를 근거에 보존; 필드 이름은 미확정,처리 분기 또는 native 이름만으로 목적·필드·통신 방향·사용 조건을 확정할 수 없음,V00,"모든 직접 호출과 serializer 역참조, RTTI/apply, 문자열·호출자를 조사한다. 관측 길이별로 비교하고 수신기 기본 경로인 경우 다른 방향/빌드를 먼저 확인한다.",대상 미명명 후보: 소비 경로로 행동 후보를 좁힌 다음 후보 행동을 하나씩 독립 기록하고 가능하면 실제 송수신 경로와 함께 대조한다.,"무행동, 비슷한 다른 행동, 다른 모드/상태/빌드를 대조한다.",특정 행동과 필드 해석을 지지하는 사례와 반증 대조를 함께 확보하기 전에는 unknown을 유지한다. 미관측을 미사용/예약 코드로 단정하지 않는다.,vg-binary-event-candidates-2026-09-09.json (candidates opcode=0x03eb)
0x03ec,미명명 후보,처리 분기만 확인,True,004d45dd,미분류·기록/빌드 차이,0,0,{},4,,,분기 복사 크기·byte order helper·생성자 저장 위치를 근거에 보존; 필드 이름은 미확정,처리 분기 또는 native 이름만으로 목적·필드·통신 방향·사용 조건을 확정할 수 없음,V00,"모든 직접 호출과 serializer 역참조, RTTI/apply, 문자열·호출자를 조사한다. 관측 길이별로 비교하고 수신기 기본 경로인 경우 다른 방향/빌드를 먼저 확인한다.",대상 미명명 후보: 소비 경로로 행동 후보를 좁힌 다음 후보 행동을 하나씩 독립 기록하고 가능하면 실제 송수신 경로와 함께 대조한다.,"무행동, 비슷한 다른 행동, 다른 모드/상태/빌드를 대조한다.",특정 행동과 필드 해석을 지지하는 사례와 반증 대조를 함께 확보하기 전에는 unknown을 유지한다. 미관측을 미사용/예약 코드로 단정하지 않는다.,vg-binary-event-candidates-2026-09-09.json (candidates opcode=0x03ec)
0x03ed,미명명 후보,처리 분기만 확인,True,004d2662,미분류·기록/빌드 차이,196,43,"{""78"": 196}",72,,,분기 복사 크기·byte order helper·생성자 저장 위치를 근거에 보존; 필드 이름은 미확정,처리 분기 또는 native 이름만으로 목적·필드·통신 방향·사용 조건을 확정할 수 없음,V00,"모든 직접 호출과 serializer 역참조, RTTI/apply, 문자열·호출자를 조사한다. 관측 길이별로 비교하고 수신기 기본 경로인 경우 다른 방향/빌드를 먼저 확인한다.",대상 미명명 후보: 소비 경로로 행동 후보를 좁힌 다음 후보 행동을 하나씩 독립 기록하고 가능하면 실제 송수신 경로와 함께 대조한다.,"무행동, 비슷한 다른 행동, 다른 모드/상태/빌드를 대조한다.",특정 행동과 필드 해석을 지지하는 사례와 반증 대조를 함께 확보하기 전에는 unknown을 유지한다. 미관측을 미사용/예약 코드로 단정하지 않는다.,vg-binary-event-candidates-2026-09-09.json (candidates opcode=0x03ed)
0x03ee,미명명 후보,처리 분기만 확인,True,004d274e,미분류·기록/빌드 차이,75807,56,"{""216"": 75293, ""222"": 514}",216,,,분기 복사 크기·byte order helper·생성자 저장 위치를 근거에 보존; 필드 이름은 미확정,처리 분기 또는 native 이름만으로 목적·필드·통신 방향·사용 조건을 확정할 수 없음,V00,"모든 직접 호출과 serializer 역참조, RTTI/apply, 문자열·호출자를 조사한다. 관측 길이별로 비교하고 수신기 기본 경로인 경우 다른 방향/빌드를 먼저 확인한다.",대상 미명명 후보: 소비 경로로 행동 후보를 좁힌 다음 후보 행동을 하나씩 독립 기록하고 가능하면 실제 송수신 경로와 함께 대조한다.,"무행동, 비슷한 다른 행동, 다른 모드/상태/빌드를 대조한다.",특정 행동과 필드 해석을 지지하는 사례와 반증 대조를 함께 확보하기 전에는 unknown을 유지한다. 미관측을 미사용/예약 코드로 단정하지 않는다.,vg-binary-event-candidates-2026-09-09.json (candidates opcode=0x03ee)
0x03ef,ActionStartMatch,클래스명 연결,True,004d15db,경기·시계·튜토리얼·통계,51,51,"{""6"": 51}",1,,1,분기 복사 크기·byte order helper·생성자 저장 위치를 근거에 보존; 필드 이름은 미확정,수신·큐 적용·경기 상태·화면 표시·최종 집계 고정은 별개이며 outer timestamp는 UI 시계가 아님,V08,상태 getter/setter·queue·reason 분기와 이름이 있는 소비 경로를 추적한다. 같은 시각 후속 연산과 지원되지 않는 시계를 보존한다.,대상 ActionStartMatch: 시작·준비·관전자 전환·튜토리얼 상태를 분리하고 정상 비항복 종료와 항복 종료를 각각 기록한다. 종료 직전 전투와 최종 화면도 함께 확보한다.,"종료 전 비슷한 시각의 대기, 무시/실패 reason, 지원되지 않는 모드와 시계 정지·재개를 대조한다.",해당 상태와 표시가 일치하고 동시각 후속 점수를 보존한다. 결과 화면으로 최종 수치를 확인하기 전 완료/보정 기준으로 승격하지 않는다.,vg-binary-event-candidates-2026-09-09.json (candidates opcode=0x03ef)
0x03f0,ActionShowMatchPrepSequence,클래스명 연결,True,004d1611,경기·시계·튜토리얼·통계,0,0,{},1,,1,분기 복사 크기·byte order helper·생성자 저장 위치를 근거에 보존; 필드 이름은 미확정,수신·큐 적용·경기 상태·화면 표시·최종 집계 고정은 별개이며 outer timestamp는 UI 시계가 아님,V08,상태 getter/setter·queue·reason 분기와 이름이 있는 소비 경로를 추적한다. 같은 시각 후속 연산과 지원되지 않는 시계를 보존한다.,대상 ActionShowMatchPrepSequence: 시작·준비·관전자 전환·튜토리얼 상태를 분리하고 정상 비항복 종료와 항복 종료를 각각 기록한다. 종료 직전 전투와 최종 화면도 함께 확보한다.,"종료 전 비슷한 시각의 대기, 무시/실패 reason, 지원되지 않는 모드와 시계 정지·재개를 대조한다.",해당 상태와 표시가 일치하고 동시각 후속 점수를 보존한다. 결과 화면으로 최종 수치를 확인하기 전 완료/보정 기준으로 승격하지 않는다.,vg-binary-event-candidates-2026-09-09.json (candidates opcode=0x03f0)
0x03f1,ActionEndMatch,클래스명 연결,True,004d1647,경기·시계·튜토리얼·통계,55,55,"{""6"": 55}",5,,,"첫 BE32의 하위1B 승리 팀, +4 reason; reason2=surrender. 큐 액션",reason0을 자동으로 크리스탈 파괴라 하지 않음. 실제 종료·최종 화면 시점은 별도 확인,V08,상태 getter/setter·queue·reason 분기와 이름이 있는 소비 경로를 추적한다. 같은 시각 후속 연산과 지원되지 않는 시계를 보존한다.,대상 ActionEndMatch: 시작·준비·관전자 전환·튜토리얼 상태를 분리하고 정상 비항복 종료와 항복 종료를 각각 기록한다. 종료 직전 전투와 최종 화면도 함께 확보한다.,"종료 전 비슷한 시각의 대기, 무시/실패 reason, 지원되지 않는 모드와 시계 정지·재개를 대조한다.",해당 상태와 표시가 일치하고 동시각 후속 점수를 보존한다. 결과 화면으로 최종 수치를 확인하기 전 완료/보정 기준으로 승격하지 않는다.,vg-binary-event-candidates-2026-09-09.json (candidates opcode=0x03f1)
0x03f2,ActionEntitySpawn,클래스명 연결,True,004d1693,개체 생명주기,926602,56,"{""122"": 804425, ""126"": 122177}",122,,,개체 생성 자료를 읽고 ActionEntitySpawn 생성,"section 재전송과 신규 spawn, 정의 ID·팀·좌표와 122/126B 변형을 구별해야 함",V01,해당 클래스 생성자→apply의 ID 조회와 상태 전이를 추적하고 이전 spawn 정의·ID 수명·후속 snapshot을 연결한다.,대상 ActionEntitySpawn: 영웅과 미니언 각각 생성→사망→소멸→부활/재생성을 기록하고 부활 시 조작 가능 시점을 별도 표시한다.,살아 있는 효과 개체의 정상 제거와 section 경계 snapshot 재전송을 대조한다.,"대상 ID와 실제 생명주기 단계가 일치하며 snapshot 반복을 신규 생성으로, 제거를 처치로 오인하지 않는다.",vg-binary-event-candidates-2026-09-09.json (candidates opcode=0x03f2)
0x03f3,ActionHeroSpawn,클래스명 연결,True,004d1a94,개체 생명주기,75316,56,"{""746"": 74802, ""750"": 514}",746,,,영웅 초기 상태/스냅샷; helper를 거쳐 ActionHeroSpawn,"746/750B 변형과 빌드 대응, 반복 snapshot과 실제 영웅 생성/부활의 구별이 필요함",V01,해당 클래스 생성자→apply의 ID 조회와 상태 전이를 추적하고 이전 spawn 정의·ID 수명·후속 snapshot을 연결한다.,대상 ActionHeroSpawn: 영웅과 미니언 각각 생성→사망→소멸→부활/재생성을 기록하고 부활 시 조작 가능 시점을 별도 표시한다.,살아 있는 효과 개체의 정상 제거와 section 경계 snapshot 재전송을 대조한다.,"대상 ID와 실제 생명주기 단계가 일치하며 snapshot 반복을 신규 생성으로, 제거를 처치로 오인하지 않는다.",vg-binary-event-candidates-2026-09-09.json (candidates opcode=0x03f3)
0x03f4,ActionRequestMoveTo_Client,요청 직렬화 클래스 연결,False,,이동·방향·위치,0,0,{},,8,8,요청 formatter의 opcode 상수와 직렬화 payload 길이 확인: 8B. 바깥 VGR framing과 구별,요청 생성/전송과 서버 수락·실제 행동 성공은 별개. 변형 조건: object+0x1d == 0 and object+0x1c == 0,V02,벡터 필드가 위치 setter·경로·보간 중 어디에 들어가는지 추적하고 참조 대상과 좌표 변환을 확인한다.,대상 ActionRequestMoveTo_Client: 정지→알려진 두 지점 사이 직선 이동→중지→돌진/순간이동을 각각 단독 수행한다. 실제 송신 bytes와 수신/리플레이 방향을 독립 확인한다.,"제자리 방향 전환, 이동 실패, 위치 고정 스킬을 대조한다.",개체·축·단위가 관측과 일치하고 현재 위치와 목적지가 분리된다. 예측/보정·취소·중지에서도 오탐하지 않는다.,vg-binary-event-candidates-2026-09-09.json (candidates opcode=0x03f4)
0x03f5,ActionRequestMoveTo_Client,요청 직렬화 클래스 연결,False,,이동·방향·위치,0,0,{},,8,8,요청 formatter의 opcode 상수와 직렬화 payload 길이 확인: 8B. 바깥 VGR framing과 구별,요청 생성/전송과 서버 수락·실제 행동 성공은 별개. 변형 조건: object+0x1d == 0 and object+0x1c != 0,V02,벡터 필드가 위치 setter·경로·보간 중 어디에 들어가는지 추적하고 참조 대상과 좌표 변환을 확인한다.,대상 ActionRequestMoveTo_Client: 정지→알려진 두 지점 사이 직선 이동→중지→돌진/순간이동을 각각 단독 수행한다. 실제 송신 bytes와 수신/리플레이 방향을 독립 확인한다.,"제자리 방향 전환, 이동 실패, 위치 고정 스킬을 대조한다.",개체·축·단위가 관측과 일치하고 현재 위치와 목적지가 분리된다. 예측/보정·취소·중지에서도 오탐하지 않는다.,vg-binary-event-candidates-2026-09-09.json (candidates opcode=0x03f5)
0x03f6,ActionRequestMoveTo_Client,요청 직렬화 클래스 연결,False,,이동·방향·위치,0,0,{},,8,8,요청 formatter의 opcode 상수와 직렬화 payload 길이 확인: 8B. 바깥 VGR framing과 구별,요청 생성/전송과 서버 수락·실제 행동 성공은 별개. 변형 조건: object+0x1d != 0,V02,벡터 필드가 위치 setter·경로·보간 중 어디에 들어가는지 추적하고 참조 대상과 좌표 변환을 확인한다.,대상 ActionRequestMoveTo_Client: 정지→알려진 두 지점 사이 직선 이동→중지→돌진/순간이동을 각각 단독 수행한다. 실제 송신 bytes와 수신/리플레이 방향을 독립 확인한다.,"제자리 방향 전환, 이동 실패, 위치 고정 스킬을 대조한다.",개체·축·단위가 관측과 일치하고 현재 위치와 목적지가 분리된다. 예측/보정·취소·중지에서도 오탐하지 않는다.,vg-binary-event-candidates-2026-09-09.json (candidates opcode=0x03f6)
0x03f8,ActionMoveTo,클래스명 연결,True,004d03f3,이동·방향·위치,4949279,56,"{""9"": 236343, ""14"": 4712936}",9,,9,분기 복사 크기·byte order helper·생성자 저장 위치를 근거에 보존; 필드 이름은 미확정,"현재 위치·목적지·보정 위치·효과 위치, 축·단위·지속시간을 구별해야 함",V02,벡터 필드가 위치 setter·경로·보간 중 어디에 들어가는지 추적하고 참조 대상과 좌표 변환을 확인한다.,대상 ActionMoveTo: 정지→알려진 두 지점 사이 직선 이동→중지→돌진/순간이동을 각각 단독 수행한다.,"제자리 방향 전환, 이동 실패, 위치 고정 스킬을 대조한다.",개체·축·단위가 관측과 일치하고 현재 위치와 목적지가 분리된다. 예측/보정·취소·중지에서도 오탐하지 않는다.,vg-binary-event-candidates-2026-09-09.json (candidates opcode=0x03f8)
0x03f9,ActionMoveToServerAuthoritative,클래스명 연결,True,004d0fb3,이동·방향·위치,151463,54,"{""14"": 151463}",14,,14,분기 복사 크기·byte order helper·생성자 저장 위치를 근거에 보존; 필드 이름은 미확정,"현재 위치·목적지·보정 위치·효과 위치, 축·단위·지속시간을 구별해야 함",V02,벡터 필드가 위치 setter·경로·보간 중 어디에 들어가는지 추적하고 참조 대상과 좌표 변환을 확인한다.,대상 ActionMoveToServerAuthoritative: 정지→알려진 두 지점 사이 직선 이동→중지→돌진/순간이동을 각각 단독 수행한다.,"제자리 방향 전환, 이동 실패, 위치 고정 스킬을 대조한다.",개체·축·단위가 관측과 일치하고 현재 위치와 목적지가 분리된다. 예측/보정·취소·중지에서도 오탐하지 않는다.,vg-binary-event-candidates-2026-09-09.json (candidates opcode=0x03f9)
0x03fa,ActionMoveToAndFace,클래스명 연결,True,004d0499,이동·방향·위치,197182,54,"{""22"": 197182}",20,,20,분기 복사 크기·byte order helper·생성자 저장 위치를 근거에 보존; 필드 이름은 미확정,"현재 위치·목적지·보정 위치·효과 위치, 축·단위·지속시간을 구별해야 함",V02,벡터 필드가 위치 setter·경로·보간 중 어디에 들어가는지 추적하고 참조 대상과 좌표 변환을 확인한다.,대상 ActionMoveToAndFace: 정지→알려진 두 지점 사이 직선 이동→중지→돌진/순간이동을 각각 단독 수행한다.,"제자리 방향 전환, 이동 실패, 위치 고정 스킬을 대조한다.",개체·축·단위가 관측과 일치하고 현재 위치와 목적지가 분리된다. 예측/보정·취소·중지에서도 오탐하지 않는다.,vg-binary-event-candidates-2026-09-09.json (candidates opcode=0x03fa)
0x03fb,ActionStopActor,클래스명 연결,True,004d1070,이동·방향·위치,188017,54,"{""22"": 188017}",17,,17,분기 복사 크기·byte order helper·생성자 저장 위치를 근거에 보존; 필드 이름은 미확정,"현재 위치·목적지·보정 위치·효과 위치, 축·단위·지속시간을 구별해야 함",V02,벡터 필드가 위치 setter·경로·보간 중 어디에 들어가는지 추적하고 참조 대상과 좌표 변환을 확인한다.,대상 ActionStopActor: 정지→알려진 두 지점 사이 직선 이동→중지→돌진/순간이동을 각각 단독 수행한다.,"제자리 방향 전환, 이동 실패, 위치 고정 스킬을 대조한다.",개체·축·단위가 관측과 일치하고 현재 위치와 목적지가 분리된다. 예측/보정·취소·중지에서도 오탐하지 않는다.,vg-binary-event-candidates-2026-09-09.json (candidates opcode=0x03fb)
0x03fc,ActionResetMovement_Client,클래스명 연결,True,004d112d,이동·방향·위치,0,0,{},17,,,분기 복사 크기·byte order helper·생성자 저장 위치를 근거에 보존; 필드 이름은 미확정,"현재 위치·목적지·보정 위치·효과 위치, 축·단위·지속시간을 구별해야 함",V02,벡터 필드가 위치 setter·경로·보간 중 어디에 들어가는지 추적하고 참조 대상과 좌표 변환을 확인한다.,대상 ActionResetMovement_Client: 정지→알려진 두 지점 사이 직선 이동→중지→돌진/순간이동을 각각 단독 수행한다.,"제자리 방향 전환, 이동 실패, 위치 고정 스킬을 대조한다.",개체·축·단위가 관측과 일치하고 현재 위치와 목적지가 분리된다. 예측/보정·취소·중지에서도 오탐하지 않는다.,vg-binary-event-candidates-2026-09-09.json (candidates opcode=0x03fc)
0x03fd,ActionMoveToPredictive_Client,클래스명 연결,True,004d055a,이동·방향·위치,0,0,{},9,,,분기 복사 크기·byte order helper·생성자 저장 위치를 근거에 보존; 필드 이름은 미확정,"현재 위치·목적지·보정 위치·효과 위치, 축·단위·지속시간을 구별해야 함",V02,벡터 필드가 위치 setter·경로·보간 중 어디에 들어가는지 추적하고 참조 대상과 좌표 변환을 확인한다.,대상 ActionMoveToPredictive_Client: 정지→알려진 두 지점 사이 직선 이동→중지→돌진/순간이동을 각각 단독 수행한다.,"제자리 방향 전환, 이동 실패, 위치 고정 스킬을 대조한다.",개체·축·단위가 관측과 일치하고 현재 위치와 목적지가 분리된다. 예측/보정·취소·중지에서도 오탐하지 않는다.,vg-binary-event-candidates-2026-09-09.json (candidates opcode=0x03fd)
0x03fe,ActionMoveToAuthoritative_Client,클래스명 연결,True,004d05e4,이동·방향·위치,0,0,{},17,,,분기 복사 크기·byte order helper·생성자 저장 위치를 근거에 보존; 필드 이름은 미확정,"현재 위치·목적지·보정 위치·효과 위치, 축·단위·지속시간을 구별해야 함",V02,벡터 필드가 위치 setter·경로·보간 중 어디에 들어가는지 추적하고 참조 대상과 좌표 변환을 확인한다.,대상 ActionMoveToAuthoritative_Client: 정지→알려진 두 지점 사이 직선 이동→중지→돌진/순간이동을 각각 단독 수행한다.,"제자리 방향 전환, 이동 실패, 위치 고정 스킬을 대조한다.",개체·축·단위가 관측과 일치하고 현재 위치와 목적지가 분리된다. 예측/보정·취소·중지에서도 오탐하지 않는다.,vg-binary-event-candidates-2026-09-09.json (candidates opcode=0x03fe)
0x03ff,ActionStopAuthoritative_Client,클래스명 연결,True,004d06a9,이동·방향·위치,0,0,{},10,,,분기 복사 크기·byte order helper·생성자 저장 위치를 근거에 보존; 필드 이름은 미확정,"현재 위치·목적지·보정 위치·효과 위치, 축·단위·지속시간을 구별해야 함",V02,벡터 필드가 위치 setter·경로·보간 중 어디에 들어가는지 추적하고 참조 대상과 좌표 변환을 확인한다.,대상 ActionStopAuthoritative_Client: 정지→알려진 두 지점 사이 직선 이동→중지→돌진/순간이동을 각각 단독 수행한다.,"제자리 방향 전환, 이동 실패, 위치 고정 스킬을 대조한다.",개체·축·단위가 관측과 일치하고 현재 위치와 목적지가 분리된다. 예측/보정·취소·중지에서도 오탐하지 않는다.,vg-binary-event-candidates-2026-09-09.json (candidates opcode=0x03ff)
0x0400,ActionStopNavigating_Client,클래스명 연결,True,004d0732,이동·방향·위치,0,0,{},9,,,분기 복사 크기·byte order helper·생성자 저장 위치를 근거에 보존; 필드 이름은 미확정,"현재 위치·목적지·보정 위치·효과 위치, 축·단위·지속시간을 구별해야 함",V02,벡터 필드가 위치 setter·경로·보간 중 어디에 들어가는지 추적하고 참조 대상과 좌표 변환을 확인한다.,대상 ActionStopNavigating_Client: 정지→알려진 두 지점 사이 직선 이동→중지→돌진/순간이동을 각각 단독 수행한다.,"제자리 방향 전환, 이동 실패, 위치 고정 스킬을 대조한다.",개체·축·단위가 관측과 일치하고 현재 위치와 목적지가 분리된다. 예측/보정·취소·중지에서도 오탐하지 않는다.,vg-binary-event-candidates-2026-09-09.json (candidates opcode=0x0400)
0x0401,ActionFaceDir,클래스명 연결,True,004d07b0,이동·방향·위치,1667,54,"{""22"": 1667}",16,,16,분기 복사 크기·byte order helper·생성자 저장 위치를 근거에 보존; 필드 이름은 미확정,"현재 위치·목적지·보정 위치·효과 위치, 축·단위·지속시간을 구별해야 함",V02,벡터 필드가 위치 setter·경로·보간 중 어디에 들어가는지 추적하고 참조 대상과 좌표 변환을 확인한다.,대상 ActionFaceDir: 정지→알려진 두 지점 사이 직선 이동→중지→돌진/순간이동을 각각 단독 수행한다.,"제자리 방향 전환, 이동 실패, 위치 고정 스킬을 대조한다.",개체·축·단위가 관측과 일치하고 현재 위치와 목적지가 분리된다. 예측/보정·취소·중지에서도 오탐하지 않는다.,vg-binary-event-candidates-2026-09-09.json (candidates opcode=0x0401)
0x0402,ActionAutoActorBounce,클래스명 연결,True,004d085e,이동·방향·위치,6884,49,"{""22"": 6884}",16,,16,분기 복사 크기·byte order helper·생성자 저장 위치를 근거에 보존; 필드 이름은 미확정,"현재 위치·목적지·보정 위치·효과 위치, 축·단위·지속시간을 구별해야 함",V02,벡터 필드가 위치 setter·경로·보간 중 어디에 들어가는지 추적하고 참조 대상과 좌표 변환을 확인한다.,대상 ActionAutoActorBounce: 정지→알려진 두 지점 사이 직선 이동→중지→돌진/순간이동을 각각 단독 수행한다.,"제자리 방향 전환, 이동 실패, 위치 고정 스킬을 대조한다.",개체·축·단위가 관측과 일치하고 현재 위치와 목적지가 분리된다. 예측/보정·취소·중지에서도 오탐하지 않는다.,vg-binary-event-candidates-2026-09-09.json (candidates opcode=0x0402)
0x0403,ActionAutoMoveTo,클래스명 연결,True,004d08f4,이동·방향·위치,34973,54,"{""22"": 34973}",21,,21,ActionAutoMoveTo; 위치형 float가 있어도 현재 위치로 단정하지 않음,이동 목적지·시간 계수와 현재 위치를 구별하고 기존 cooldown 추정을 사용하지 않음,V02,벡터 필드가 위치 setter·경로·보간 중 어디에 들어가는지 추적하고 참조 대상과 좌표 변환을 확인한다.,대상 ActionAutoMoveTo: 정지→알려진 두 지점 사이 직선 이동→중지→돌진/순간이동을 각각 단독 수행한다.,"제자리 방향 전환, 이동 실패, 위치 고정 스킬을 대조한다.",개체·축·단위가 관측과 일치하고 현재 위치와 목적지가 분리된다. 예측/보정·취소·중지에서도 오탐하지 않는다.,vg-binary-event-candidates-2026-09-09.json (candidates opcode=0x0403)
0x0404,ActionAutoMoveToActorResponse,클래스명 연결,True,004d09d5,이동·방향·위치,789,14,"{""22"": 789}",15,,,분기 복사 크기·byte order helper·생성자 저장 위치를 근거에 보존; 필드 이름은 미확정,"현재 위치·목적지·보정 위치·효과 위치, 축·단위·지속시간을 구별해야 함",V02,벡터 필드가 위치 setter·경로·보간 중 어디에 들어가는지 추적하고 참조 대상과 좌표 변환을 확인한다.,대상 ActionAutoMoveToActorResponse: 정지→알려진 두 지점 사이 직선 이동→중지→돌진/순간이동을 각각 단독 수행한다.,"제자리 방향 전환, 이동 실패, 위치 고정 스킬을 대조한다.",개체·축·단위가 관측과 일치하고 현재 위치와 목적지가 분리된다. 예측/보정·취소·중지에서도 오탐하지 않는다.,vg-binary-event-candidates-2026-09-09.json (candidates opcode=0x0404)
0x0405,ActionAutoMoveToLocation_Client,클래스명 연결,True,004d0a99,이동·방향·위치,0,0,{},21,,,분기 복사 크기·byte order helper·생성자 저장 위치를 근거에 보존; 필드 이름은 미확정,"현재 위치·목적지·보정 위치·효과 위치, 축·단위·지속시간을 구별해야 함",V02,벡터 필드가 위치 setter·경로·보간 중 어디에 들어가는지 추적하고 참조 대상과 좌표 변환을 확인한다.,대상 ActionAutoMoveToLocation_Client: 정지→알려진 두 지점 사이 직선 이동→중지→돌진/순간이동을 각각 단독 수행한다.,"제자리 방향 전환, 이동 실패, 위치 고정 스킬을 대조한다.",개체·축·단위가 관측과 일치하고 현재 위치와 목적지가 분리된다. 예측/보정·취소·중지에서도 오탐하지 않는다.,vg-binary-event-candidates-2026-09-09.json (candidates opcode=0x0405)
0x0406,ActionAutoOrbit,클래스명 연결,True,004d0b73,이동·방향·위치,2084,29,"{""38"": 2084}",32,,32,분기 복사 크기·byte order helper·생성자 저장 위치를 근거에 보존; 필드 이름은 미확정,"현재 위치·목적지·보정 위치·효과 위치, 축·단위·지속시간을 구별해야 함",V02,벡터 필드가 위치 setter·경로·보간 중 어디에 들어가는지 추적하고 참조 대상과 좌표 변환을 확인한다.,대상 ActionAutoOrbit: 정지→알려진 두 지점 사이 직선 이동→중지→돌진/순간이동을 각각 단독 수행한다.,"제자리 방향 전환, 이동 실패, 위치 고정 스킬을 대조한다.",개체·축·단위가 관측과 일치하고 현재 위치와 목적지가 분리된다. 예측/보정·취소·중지에서도 오탐하지 않는다.,vg-binary-event-candidates-2026-09-09.json (candidates opcode=0x0406)
0x0407,ActionCancelAutoOrbit,클래스명 연결,True,004d0c7c,이동·방향·위치,548,20,"{""22"": 548}",16,,16,분기 복사 크기·byte order helper·생성자 저장 위치를 근거에 보존; 필드 이름은 미확정,"현재 위치·목적지·보정 위치·효과 위치, 축·단위·지속시간을 구별해야 함",V02,벡터 필드가 위치 setter·경로·보간 중 어디에 들어가는지 추적하고 참조 대상과 좌표 변환을 확인한다.,대상 ActionCancelAutoOrbit: 정지→알려진 두 지점 사이 직선 이동→중지→돌진/순간이동을 각각 단독 수행한다.,"제자리 방향 전환, 이동 실패, 위치 고정 스킬을 대조한다.",개체·축·단위가 관측과 일치하고 현재 위치와 목적지가 분리된다. 예측/보정·취소·중지에서도 오탐하지 않는다.,vg-binary-event-candidates-2026-09-09.json (candidates opcode=0x0407)
0x0408,ActionAttachToActor_Client,클래스명 연결,True,004d0d2a,이동·방향·위치,0,0,{},6,,,분기 복사 크기·byte order helper·생성자 저장 위치를 근거에 보존; 필드 이름은 미확정,"현재 위치·목적지·보정 위치·효과 위치, 축·단위·지속시간을 구별해야 함",V02,벡터 필드가 위치 setter·경로·보간 중 어디에 들어가는지 추적하고 참조 대상과 좌표 변환을 확인한다.,대상 ActionAttachToActor_Client: 정지→알려진 두 지점 사이 직선 이동→중지→돌진/순간이동을 각각 단독 수행한다.,"제자리 방향 전환, 이동 실패, 위치 고정 스킬을 대조한다.",개체·축·단위가 관측과 일치하고 현재 위치와 목적지가 분리된다. 예측/보정·취소·중지에서도 오탐하지 않는다.,vg-binary-event-candidates-2026-09-09.json (candidates opcode=0x0408)
0x0409,ActionTeleportTo,클래스명 연결,True,004d0d7e,이동·방향·위치,5579,55,"{""22"": 5579}",17,,17,분기 복사 크기·byte order helper·생성자 저장 위치를 근거에 보존; 필드 이름은 미확정,"현재 위치·목적지·보정 위치·효과 위치, 축·단위·지속시간을 구별해야 함",V02,벡터 필드가 위치 setter·경로·보간 중 어디에 들어가는지 추적하고 참조 대상과 좌표 변환을 확인한다.,대상 ActionTeleportTo: 정지→알려진 두 지점 사이 직선 이동→중지→돌진/순간이동을 각각 단독 수행한다.,"제자리 방향 전환, 이동 실패, 위치 고정 스킬을 대조한다.",개체·축·단위가 관측과 일치하고 현재 위치와 목적지가 분리된다. 예측/보정·취소·중지에서도 오탐하지 않는다.,vg-binary-event-candidates-2026-09-09.json (candidates opcode=0x0409)
0x040a,ActionTeleport_Client,클래스명 연결,True,004d0e3b,이동·방향·위치,0,0,{},17,,,분기 복사 크기·byte order helper·생성자 저장 위치를 근거에 보존; 필드 이름은 미확정,"현재 위치·목적지·보정 위치·효과 위치, 축·단위·지속시간을 구별해야 함",V02,벡터 필드가 위치 setter·경로·보간 중 어디에 들어가는지 추적하고 참조 대상과 좌표 변환을 확인한다.,대상 ActionTeleport_Client: 정지→알려진 두 지점 사이 직선 이동→중지→돌진/순간이동을 각각 단독 수행한다.,"제자리 방향 전환, 이동 실패, 위치 고정 스킬을 대조한다.",개체·축·단위가 관측과 일치하고 현재 위치와 목적지가 분리된다. 예측/보정·취소·중지에서도 오탐하지 않는다.,vg-binary-event-candidates-2026-09-09.json (candidates opcode=0x040a)
0x040b,ActionEntityDestroy,클래스명 연결,True,004d23fb,개체 생명주기,115602,55,"{""6"": 115602}",4,,4,"payload+0 BE32 개체 ID, ActionEntityDestroy",예약 정리와 즉시 제거·사망·보상은 별개임,V01,해당 클래스 생성자→apply의 ID 조회와 상태 전이를 추적하고 이전 spawn 정의·ID 수명·후속 snapshot을 연결한다.,대상 ActionEntityDestroy: 영웅과 미니언 각각 생성→사망→소멸→부활/재생성을 기록하고 부활 시 조작 가능 시점을 별도 표시한다.,살아 있는 효과 개체의 정상 제거와 section 경계 snapshot 재전송을 대조한다.,"대상 ID와 실제 생명주기 단계가 일치하며 snapshot 반복을 신규 생성으로, 제거를 처치로 오인하지 않는다.",vg-binary-event-candidates-2026-09-09.json (candidates opcode=0x040b)
0x040d,ActionFireProjectile,클래스명 연결,True,004d282a,능력·공격·체력·투사체,849998,56,"{""22"": 849998}",17,,17,분기 복사 크기·byte order helper·생성자 저장 위치를 근거에 보존; 필드 이름은 미확정,"요청·시전·적중·효과·취소, 공격자·소유자·대상, 피해와 회복·보호막을 구별해야 함",V03,"생성자→apply의 참조와 ability/projectile 정의, HP 처리·쿨다운·charge 소비 경로를 추적한다.",대상 ActionFireProjectile: 기본 공격과 A/B/C를 각각 단독 사용하고 헛발·적중·취소를 분리한다. 체력 관련 후보는 단일 피해·회복·보호막을 따로 비교한다.,"무행동, 범위 밖, 쿨다운 중 재입력, 빗나간 투사체를 대조한다.",서로 다른 영웅 2종 이상에서 개체·능력·단계가 일치하고 실패 요청을 성공 시전/적중으로 세지 않는다.,vg-binary-event-candidates-2026-09-09.json (candidates opcode=0x040d)
0x040e,ActionFireProjectile,클래스명 연결,True,004d28c5,능력·공격·체력·투사체,39316,54,"{""30"": 39316}",28,,28,분기 복사 크기·byte order helper·생성자 저장 위치를 근거에 보존; 필드 이름은 미확정,"요청·시전·적중·효과·취소, 공격자·소유자·대상, 피해와 회복·보호막을 구별해야 함",V03,"생성자→apply의 참조와 ability/projectile 정의, HP 처리·쿨다운·charge 소비 경로를 추적한다.",대상 ActionFireProjectile: 기본 공격과 A/B/C를 각각 단독 사용하고 헛발·적중·취소를 분리한다. 체력 관련 후보는 단일 피해·회복·보호막을 따로 비교한다.,"무행동, 범위 밖, 쿨다운 중 재입력, 빗나간 투사체를 대조한다.",서로 다른 영웅 2종 이상에서 개체·능력·단계가 일치하고 실패 요청을 성공 시전/적중으로 세지 않는다.,vg-binary-event-candidates-2026-09-09.json (candidates opcode=0x040e)
0x040f,ActionFireProjectile,클래스명 연결,True,004d29fc,능력·공격·체력·투사체,40887,53,"{""46"": 40887}",44,,44,분기 복사 크기·byte order helper·생성자 저장 위치를 근거에 보존; 필드 이름은 미확정,"요청·시전·적중·효과·취소, 공격자·소유자·대상, 피해와 회복·보호막을 구별해야 함",V03,"생성자→apply의 참조와 ability/projectile 정의, HP 처리·쿨다운·charge 소비 경로를 추적한다.",대상 ActionFireProjectile: 기본 공격과 A/B/C를 각각 단독 사용하고 헛발·적중·취소를 분리한다. 체력 관련 후보는 단일 피해·회복·보호막을 따로 비교한다.,"무행동, 범위 밖, 쿨다운 중 재입력, 빗나간 투사체를 대조한다.",서로 다른 영웅 2종 이상에서 개체·능력·단계가 일치하고 실패 요청을 성공 시전/적중으로 세지 않는다.,vg-binary-event-candidates-2026-09-09.json (candidates opcode=0x040f)
0x0410,ActionDetonateProjectile,클래스명 연결,True,004d2b78,능력·공격·체력·투사체,52977,54,"{""22"": 52977}",17,,17,분기 복사 크기·byte order helper·생성자 저장 위치를 근거에 보존; 필드 이름은 미확정,"요청·시전·적중·효과·취소, 공격자·소유자·대상, 피해와 회복·보호막을 구별해야 함",V03,"생성자→apply의 참조와 ability/projectile 정의, HP 처리·쿨다운·charge 소비 경로를 추적한다.",대상 ActionDetonateProjectile: 기본 공격과 A/B/C를 각각 단독 사용하고 헛발·적중·취소를 분리한다. 체력 관련 후보는 단일 피해·회복·보호막을 따로 비교한다.,"무행동, 범위 밖, 쿨다운 중 재입력, 빗나간 투사체를 대조한다.",서로 다른 영웅 2종 이상에서 개체·능력·단계가 일치하고 실패 요청을 성공 시전/적중으로 세지 않는다.,vg-binary-event-candidates-2026-09-09.json (candidates opcode=0x0410)
0x0411,ActionRequestActivateAbility,요청 직렬화 클래스 연결,False,,능력·공격·체력·투사체,0,0,{},,5,5,요청 formatter의 opcode 상수와 직렬화 payload 길이 확인: 5B. 바깥 VGR framing과 구별,요청 생성/전송과 서버 수락·실제 행동 성공은 별개. 변형 조건: object+0x28 mode 0 or 3,V03,"생성자→apply의 참조와 ability/projectile 정의, HP 처리·쿨다운·charge 소비 경로를 추적한다.",대상 ActionRequestActivateAbility: 기본 공격과 A/B/C를 각각 단독 사용하고 헛발·적중·취소를 분리한다. 체력 관련 후보는 단일 피해·회복·보호막을 따로 비교한다. 실제 송신 bytes와 수신/리플레이 방향을 독립 확인한다.,"무행동, 범위 밖, 쿨다운 중 재입력, 빗나간 투사체를 대조한다.",서로 다른 영웅 2종 이상에서 개체·능력·단계가 일치하고 실패 요청을 성공 시전/적중으로 세지 않는다.,vg-binary-event-candidates-2026-09-09.json (candidates opcode=0x0411)
0x0412,ActionRequestActivateAbility,요청 직렬화 클래스 연결,False,,능력·공격·체력·투사체,0,0,{},,13,13,요청 formatter의 opcode 상수와 직렬화 payload 길이 확인: 13B. 바깥 VGR framing과 구별,요청 생성/전송과 서버 수락·실제 행동 성공은 별개. 변형 조건: object+0x28 mode 1,V03,"생성자→apply의 참조와 ability/projectile 정의, HP 처리·쿨다운·charge 소비 경로를 추적한다.",대상 ActionRequestActivateAbility: 기본 공격과 A/B/C를 각각 단독 사용하고 헛발·적중·취소를 분리한다. 체력 관련 후보는 단일 피해·회복·보호막을 따로 비교한다. 실제 송신 bytes와 수신/리플레이 방향을 독립 확인한다.,"무행동, 범위 밖, 쿨다운 중 재입력, 빗나간 투사체를 대조한다.",서로 다른 영웅 2종 이상에서 개체·능력·단계가 일치하고 실패 요청을 성공 시전/적중으로 세지 않는다.,vg-binary-event-candidates-2026-09-09.json (candidates opcode=0x0412)
0x0413,ActionRequestActivateAbility,요청 직렬화 클래스 연결,False,,능력·공격·체력·투사체,0,0,{},,17,17,요청 formatter의 opcode 상수와 직렬화 payload 길이 확인: 17B. 바깥 VGR framing과 구별,요청 생성/전송과 서버 수락·실제 행동 성공은 별개. 변형 조건: object+0x28 mode 2,V03,"생성자→apply의 참조와 ability/projectile 정의, HP 처리·쿨다운·charge 소비 경로를 추적한다.",대상 ActionRequestActivateAbility: 기본 공격과 A/B/C를 각각 단독 사용하고 헛발·적중·취소를 분리한다. 체력 관련 후보는 단일 피해·회복·보호막을 따로 비교한다. 실제 송신 bytes와 수신/리플레이 방향을 독립 확인한다.,"무행동, 범위 밖, 쿨다운 중 재입력, 빗나간 투사체를 대조한다.",서로 다른 영웅 2종 이상에서 개체·능력·단계가 일치하고 실패 요청을 성공 시전/적중으로 세지 않는다.,vg-binary-event-candidates-2026-09-09.json (candidates opcode=0x0413)
0x0414,ActionRequestCancelAbility_Client,요청 직렬화 클래스 연결,False,,능력·공격·체력·투사체,613,9,"{""6"": 613}",,2,2,요청 formatter의 opcode 상수와 직렬화 payload 길이 확인: 2B. 바깥 VGR framing과 구별,요청 생성/전송과 서버 수락·실제 행동 성공은 별개. 변형 조건: 추가 변형 조건 미기재,V03,"생성자→apply의 참조와 ability/projectile 정의, HP 처리·쿨다운·charge 소비 경로를 추적한다.",대상 ActionRequestCancelAbility_Client: 기본 공격과 A/B/C를 각각 단독 사용하고 헛발·적중·취소를 분리한다. 체력 관련 후보는 단일 피해·회복·보호막을 따로 비교한다. 실제 송신 bytes와 수신/리플레이 방향을 독립 확인한다.,"무행동, 범위 밖, 쿨다운 중 재입력, 빗나간 투사체를 대조한다.",서로 다른 영웅 2종 이상에서 개체·능력·단계가 일치하고 실패 요청을 성공 시전/적중으로 세지 않는다.,vg-binary-event-candidates-2026-09-09.json (candidates opcode=0x0414)
0x0415,ActionPlayAbility,클래스명 연결,True,004d11f2,능력·공격·체력·투사체,1261753,56,"{""14"": 1261753}",9,,9,분기 복사 크기·byte order helper·생성자 저장 위치를 근거에 보존; 필드 이름은 미확정,"요청·시전·적중·효과·취소, 공격자·소유자·대상, 피해와 회복·보호막을 구별해야 함",V03,"생성자→apply의 참조와 ability/projectile 정의, HP 처리·쿨다운·charge 소비 경로를 추적한다.",대상 ActionPlayAbility: 기본 공격과 A/B/C를 각각 단독 사용하고 헛발·적중·취소를 분리한다. 체력 관련 후보는 단일 피해·회복·보호막을 따로 비교한다.,"무행동, 범위 밖, 쿨다운 중 재입력, 빗나간 투사체를 대조한다.",서로 다른 영웅 2종 이상에서 개체·능력·단계가 일치하고 실패 요청을 성공 시전/적중으로 세지 않는다.,vg-binary-event-candidates-2026-09-09.json (candidates opcode=0x0415)
0x0416,ActionPlayAbility,클래스명 연결,True,004d1284,능력·공격·체력·투사체,79676,54,"{""22"": 79676}",17,,17,ActionPlayAbility; 좌표형 필드가 포함될 수 있음,기존 위치 후보에서 실제 시전 주체·능력 ID·목표 위치·단계를 분리해야 함,V03,"생성자→apply의 참조와 ability/projectile 정의, HP 처리·쿨다운·charge 소비 경로를 추적한다.",대상 ActionPlayAbility: 기본 공격과 A/B/C를 각각 단독 사용하고 헛발·적중·취소를 분리한다. 체력 관련 후보는 단일 피해·회복·보호막을 따로 비교한다.,"무행동, 범위 밖, 쿨다운 중 재입력, 빗나간 투사체를 대조한다.",서로 다른 영웅 2종 이상에서 개체·능력·단계가 일치하고 실패 요청을 성공 시전/적중으로 세지 않는다.,vg-binary-event-candidates-2026-09-09.json (candidates opcode=0x0416)
0x0417,ActionPlayAbility,클래스명 연결,True,004d1339,능력·공격·체력·투사체,0,0,{},21,,21,분기 복사 크기·byte order helper·생성자 저장 위치를 근거에 보존; 필드 이름은 미확정,"요청·시전·적중·효과·취소, 공격자·소유자·대상, 피해와 회복·보호막을 구별해야 함",V03,"생성자→apply의 참조와 ability/projectile 정의, HP 처리·쿨다운·charge 소비 경로를 추적한다.",대상 ActionPlayAbility: 기본 공격과 A/B/C를 각각 단독 사용하고 헛발·적중·취소를 분리한다. 체력 관련 후보는 단일 피해·회복·보호막을 따로 비교한다.,"무행동, 범위 밖, 쿨다운 중 재입력, 빗나간 투사체를 대조한다.",서로 다른 영웅 2종 이상에서 개체·능력·단계가 일치하고 실패 요청을 성공 시전/적중으로 세지 않는다.,vg-binary-event-candidates-2026-09-09.json (candidates opcode=0x0417)
0x0418,ActionPlayVoiceOver,클래스명 연결,True,004d13ff,화면·음향·알림·소셜,0,0,{},8,,8,분기 복사 크기·byte order helper·생성자 저장 위치를 근거에 보존; 필드 이름은 미확정,"로컬 연출과 서버 사건, 개인/팀/전체 수신 범위, 표시 ID와 전투 영향은 별도임",V09,"localization/audio/pfx/UI 소비 경로와 수신 범위, 참조 ID·위치·지속시간, 로컬 요청 여부를 확인한다.",대상 ActionPlayVoiceOver: 비공개/연습 환경에서 해당 알림·핑·음성·효과·표시를 하나씩 발생시키고 지원되는 관점별 화면/음향을 비교한다.,"로컬 표시/음량 설정 변경, 수신 범위 밖, 유사하지만 다른 알림을 대조한다.",ID·대상·범위·표시가 일치하고 로컬 연출을 피해·처치·아이템 획득으로 오인하지 않는다.,vg-binary-event-candidates-2026-09-09.json (candidates opcode=0x0418)
0x0419,ActionPlayPfxAtLocation,클래스명 연결,True,004d144a,화면·음향·알림·소셜,5520,54,"{""30"": 5520}",24,,,분기 복사 크기·byte order helper·생성자 저장 위치를 근거에 보존; 필드 이름은 미확정,"로컬 연출과 서버 사건, 개인/팀/전체 수신 범위, 표시 ID와 전투 영향은 별도임",V09,"localization/audio/pfx/UI 소비 경로와 수신 범위, 참조 ID·위치·지속시간, 로컬 요청 여부를 확인한다.",대상 ActionPlayPfxAtLocation: 비공개/연습 환경에서 해당 알림·핑·음성·효과·표시를 하나씩 발생시키고 지원되는 관점별 화면/음향을 비교한다.,"로컬 표시/음량 설정 변경, 수신 범위 밖, 유사하지만 다른 알림을 대조한다.",ID·대상·범위·표시가 일치하고 로컬 연출을 피해·처치·아이템 획득으로 오인하지 않는다.,vg-binary-event-candidates-2026-09-09.json (candidates opcode=0x0419)
0x041a,ActionOverrideAbility,클래스명 연결,True,004d1520,능력·공격·체력·투사체,55144,54,"{""14"": 55144}",13,,13,분기 복사 크기·byte order helper·생성자 저장 위치를 근거에 보존; 필드 이름은 미확정,"요청·시전·적중·효과·취소, 공격자·소유자·대상, 피해와 회복·보호막을 구별해야 함",V03,"생성자→apply의 참조와 ability/projectile 정의, HP 처리·쿨다운·charge 소비 경로를 추적한다.",대상 ActionOverrideAbility: 기본 공격과 A/B/C를 각각 단독 사용하고 헛발·적중·취소를 분리한다. 체력 관련 후보는 단일 피해·회복·보호막을 따로 비교한다.,"무행동, 범위 밖, 쿨다운 중 재입력, 빗나간 투사체를 대조한다.",서로 다른 영웅 2종 이상에서 개체·능력·단계가 일치하고 실패 요청을 성공 시전/적중으로 세지 않는다.,vg-binary-event-candidates-2026-09-09.json (candidates opcode=0x041a)
0x041b,ActionClearAbilityOverride,클래스명 연결,True,004d1590,능력·공격·체력·투사체,52309,53,"{""14"": 52309}",8,,8,분기 복사 크기·byte order helper·생성자 저장 위치를 근거에 보존; 필드 이름은 미확정,"요청·시전·적중·효과·취소, 공격자·소유자·대상, 피해와 회복·보호막을 구별해야 함",V03,"생성자→apply의 참조와 ability/projectile 정의, HP 처리·쿨다운·charge 소비 경로를 추적한다.",대상 ActionClearAbilityOverride: 기본 공격과 A/B/C를 각각 단독 사용하고 헛발·적중·취소를 분리한다. 체력 관련 후보는 단일 피해·회복·보호막을 따로 비교한다.,"무행동, 범위 밖, 쿨다운 중 재입력, 빗나간 투사체를 대조한다.",서로 다른 영웅 2종 이상에서 개체·능력·단계가 일치하고 실패 요청을 성공 시전/적중으로 세지 않는다.,vg-binary-event-candidates-2026-09-09.json (candidates opcode=0x041b)
0x041c,ActionModifyActorAttribute,클래스명 연결,True,004d2c5c,능력치·자원·경제·레벨,272490,56,"{""22"": 272490}",15,,15,"+0/+4 BE32 참조, +8 float, +12 index, +13 layer, +14 SET/ADD; index41/42는 K/D",ref1을 가해자로 취급하지 않음. 전체 계층·reset·computed 값과 최종 화면은 별도 확인,V05,index별 setter→getter→명명된 export/UI 소비 경로와 초기 snapshot·reset·clamp를 추적한다. 상관만으로 자원 이름을 정하지 않는다.,대상 ActionModifyActorAttribute: 대기→구매→판매→단독 막타→근처 공유 처치→정글 처치를 분리한다. 레벨업 후 포인트를 보유했다가 능력 하나만 강화한다.,"SET 재전송, 무행동 자연 수입, 막타 없는 근접, 거절 구매, 사망 reset을 대조한다.",연산과 snapshot으로 복원한 수치가 각 관측 시점과 일치하고 잔액·총수입·레벨·포인트를 구별한다. 최종 KDA는 결과 화면으로 별도 확인한다.,vg-binary-event-candidates-2026-09-09.json (candidates opcode=0x041c)
0x041d,ActionModifyActorResource,클래스명 연결,True,004d2cf4,능력치·자원·경제·레벨,4606221,56,"{""14"": 4606221}",12,,12,"+0 BE32 참조, +4 float, +8 index, +9 SET/ADD, +10/+11 flags; index11은 assists",resource14의 화면 이름과 다른 자원 의미·flags·총수입/잔액을 별도로 확인,V05,index별 setter→getter→명명된 export/UI 소비 경로와 초기 snapshot·reset·clamp를 추적한다. 상관만으로 자원 이름을 정하지 않는다.,대상 ActionModifyActorResource: 대기→구매→판매→단독 막타→근처 공유 처치→정글 처치를 분리한다. 레벨업 후 포인트를 보유했다가 능력 하나만 강화한다.,"SET 재전송, 무행동 자연 수입, 막타 없는 근접, 거절 구매, 사망 reset을 대조한다.",연산과 snapshot으로 복원한 수치가 각 관측 시점과 일치하고 잔액·총수입·레벨·포인트를 구별한다. 최종 KDA는 결과 화면으로 별도 확인한다.,vg-binary-event-candidates-2026-09-09.json (candidates opcode=0x041d)
0x041e,ActionImpactHealth,클래스명 연결,True,004d2db0,능력·공격·체력·투사체,2146087,56,"{""22"": 2146087}",16,,16,분기 복사 크기·byte order helper·생성자 저장 위치를 근거에 보존; 필드 이름은 미확정,"요청·시전·적중·효과·취소, 공격자·소유자·대상, 피해와 회복·보호막을 구별해야 함",V03,"생성자→apply의 참조와 ability/projectile 정의, HP 처리·쿨다운·charge 소비 경로를 추적한다.",대상 ActionImpactHealth: 기본 공격과 A/B/C를 각각 단독 사용하고 헛발·적중·취소를 분리한다. 체력 관련 후보는 단일 피해·회복·보호막을 따로 비교한다.,"무행동, 범위 밖, 쿨다운 중 재입력, 빗나간 투사체를 대조한다.",서로 다른 영웅 2종 이상에서 개체·능력·단계가 일치하고 실패 요청을 성공 시전/적중으로 세지 않는다.,vg-binary-event-candidates-2026-09-09.json (candidates opcode=0x041e)
0x041f,ActionModifyGameModeVar,클래스명 연결,True,004d2e44,경기·시계·튜토리얼·통계,336,56,"{""14"": 336}",8,,8,분기 복사 크기·byte order helper·생성자 저장 위치를 근거에 보존; 필드 이름은 미확정,수신·큐 적용·경기 상태·화면 표시·최종 집계 고정은 별개이며 outer timestamp는 UI 시계가 아님,V08,상태 getter/setter·queue·reason 분기와 이름이 있는 소비 경로를 추적한다. 같은 시각 후속 연산과 지원되지 않는 시계를 보존한다.,대상 ActionModifyGameModeVar: 시작·준비·관전자 전환·튜토리얼 상태를 분리하고 정상 비항복 종료와 항복 종료를 각각 기록한다. 종료 직전 전투와 최종 화면도 함께 확보한다.,"종료 전 비슷한 시각의 대기, 무시/실패 reason, 지원되지 않는 모드와 시계 정지·재개를 대조한다.",해당 상태와 표시가 일치하고 동시각 후속 점수를 보존한다. 결과 화면으로 최종 수치를 확인하기 전 완료/보정 기준으로 승격하지 않는다.,vg-binary-event-candidates-2026-09-09.json (candidates opcode=0x041f)
0x0420,ActionCreateZoneOfControl,클래스명 연결,True,004d2ea1,버프·스택·장판,0,0,{},29,,29,분기 복사 크기·byte order helper·생성자 저장 위치를 근거에 보존; 필드 이름은 미확정,부여·스택 변경·변수 변경·해제·자연 만료와 장판의 생성/제거를 구별해야 함,V04,"buff/zone 정의 ID와 대상 조회, duration·stack·mask·variable setter 및 종료 경로를 추적한다.",대상 ActionCreateZoneOfControl: 동일 버프를 한 번 부여한 뒤 재부여·중첩·강제 해제·자연 만료를 각각 기록한다. 장판은 진입과 이탈을 분리한다.,"대상 밖, 면역 상태, 스택 상한 도달, 같은 효과의 갱신을 대조한다.",버프 ID·대상·스택·남은 시간과 종료 이유가 일치하고 갱신을 신규 효과나 처치로 중복 집계하지 않는다.,vg-binary-event-candidates-2026-09-09.json (candidates opcode=0x0420)
0x0421,ActionCreateZoneOfControl,클래스명 연결,True,004d2ff3,버프·스택·장판,1123,35,"{""25"": 276, ""30"": 847}",25,,25,분기 복사 크기·byte order helper·생성자 저장 위치를 근거에 보존; 필드 이름은 미확정,부여·스택 변경·변수 변경·해제·자연 만료와 장판의 생성/제거를 구별해야 함,V04,"buff/zone 정의 ID와 대상 조회, duration·stack·mask·variable setter 및 종료 경로를 추적한다.",대상 ActionCreateZoneOfControl: 동일 버프를 한 번 부여한 뒤 재부여·중첩·강제 해제·자연 만료를 각각 기록한다. 장판은 진입과 이탈을 분리한다.,"대상 밖, 면역 상태, 스택 상한 도달, 같은 효과의 갱신을 대조한다.",버프 ID·대상·스택·남은 시간과 종료 이유가 일치하고 갱신을 신규 효과나 처치로 중복 집계하지 않는다.,vg-binary-event-candidates-2026-09-09.json (candidates opcode=0x0421)
0x0422,ActionCreateZoneOfControl,클래스명 연결,True,004d30bc,버프·스택·장판,201,3,"{""24"": 66, ""30"": 135}",24,,24,분기 복사 크기·byte order helper·생성자 저장 위치를 근거에 보존; 필드 이름은 미확정,부여·스택 변경·변수 변경·해제·자연 만료와 장판의 생성/제거를 구별해야 함,V04,"buff/zone 정의 ID와 대상 조회, duration·stack·mask·variable setter 및 종료 경로를 추적한다.",대상 ActionCreateZoneOfControl: 동일 버프를 한 번 부여한 뒤 재부여·중첩·강제 해제·자연 만료를 각각 기록한다. 장판은 진입과 이탈을 분리한다.,"대상 밖, 면역 상태, 스택 상한 도달, 같은 효과의 갱신을 대조한다.",버프 ID·대상·스택·남은 시간과 종료 이유가 일치하고 갱신을 신규 효과나 처치로 중복 집계하지 않는다.,vg-binary-event-candidates-2026-09-09.json (candidates opcode=0x0422)
0x0423,ActionDestroyZoneOfControl,클래스명 연결,True,004d319f,버프·스택·장판,981,36,"{""6"": 981}",4,,4,분기 복사 크기·byte order helper·생성자 저장 위치를 근거에 보존; 필드 이름은 미확정,부여·스택 변경·변수 변경·해제·자연 만료와 장판의 생성/제거를 구별해야 함,V04,"buff/zone 정의 ID와 대상 조회, duration·stack·mask·variable setter 및 종료 경로를 추적한다.",대상 ActionDestroyZoneOfControl: 동일 버프를 한 번 부여한 뒤 재부여·중첩·강제 해제·자연 만료를 각각 기록한다. 장판은 진입과 이탈을 분리한다.,"대상 밖, 면역 상태, 스택 상한 도달, 같은 효과의 갱신을 대조한다.",버프 ID·대상·스택·남은 시간과 종료 이유가 일치하고 갱신을 신규 효과나 처치로 중복 집계하지 않는다.,vg-binary-event-candidates-2026-09-09.json (candidates opcode=0x0423)
0x0424,ActionRequestModifyBasicAttackTarget,요청 직렬화 클래스 연결,False,,능력·공격·체력·투사체,243474,54,"{""6"": 243474}",,5,5,요청 formatter의 opcode 상수와 직렬화 payload 길이 확인: 5B. 바깥 VGR framing과 구별,요청 생성/전송과 서버 수락·실제 행동 성공은 별개. 변형 조건: 추가 변형 조건 미기재,V03,"생성자→apply의 참조와 ability/projectile 정의, HP 처리·쿨다운·charge 소비 경로를 추적한다.",대상 ActionRequestModifyBasicAttackTarget: 기본 공격과 A/B/C를 각각 단독 사용하고 헛발·적중·취소를 분리한다. 체력 관련 후보는 단일 피해·회복·보호막을 따로 비교한다. 실제 송신 bytes와 수신/리플레이 방향을 독립 확인한다.,"무행동, 범위 밖, 쿨다운 중 재입력, 빗나간 투사체를 대조한다.",서로 다른 영웅 2종 이상에서 개체·능력·단계가 일치하고 실패 요청을 성공 시전/적중으로 세지 않는다.,vg-binary-event-candidates-2026-09-09.json (candidates opcode=0x0424)
0x0425,ActionModifyBasicAttackTarget,클래스명 연결,True,004d3ac2,능력·공격·체력·투사체,4713,54,"{""6"": 4713}",4,,,분기 복사 크기·byte order helper·생성자 저장 위치를 근거에 보존; 필드 이름은 미확정,"요청·시전·적중·효과·취소, 공격자·소유자·대상, 피해와 회복·보호막을 구별해야 함",V03,"생성자→apply의 참조와 ability/projectile 정의, HP 처리·쿨다운·charge 소비 경로를 추적한다.",대상 ActionModifyBasicAttackTarget: 기본 공격과 A/B/C를 각각 단독 사용하고 헛발·적중·취소를 분리한다. 체력 관련 후보는 단일 피해·회복·보호막을 따로 비교한다.,"무행동, 범위 밖, 쿨다운 중 재입력, 빗나간 투사체를 대조한다.",서로 다른 영웅 2종 이상에서 개체·능력·단계가 일치하고 실패 요청을 성공 시전/적중으로 세지 않는다.,vg-binary-event-candidates-2026-09-09.json (candidates opcode=0x0425)
0x0427,ActionPauseCooldown,클래스명 연결,True,004d3b0f,능력·공격·체력·투사체,0,0,{},9,,9,분기 복사 크기·byte order helper·생성자 저장 위치를 근거에 보존; 필드 이름은 미확정,"요청·시전·적중·효과·취소, 공격자·소유자·대상, 피해와 회복·보호막을 구별해야 함",V03,"생성자→apply의 참조와 ability/projectile 정의, HP 처리·쿨다운·charge 소비 경로를 추적한다.",대상 ActionPauseCooldown: 기본 공격과 A/B/C를 각각 단독 사용하고 헛발·적중·취소를 분리한다. 체력 관련 후보는 단일 피해·회복·보호막을 따로 비교한다.,"무행동, 범위 밖, 쿨다운 중 재입력, 빗나간 투사체를 대조한다.",서로 다른 영웅 2종 이상에서 개체·능력·단계가 일치하고 실패 요청을 성공 시전/적중으로 세지 않는다.,vg-binary-event-candidates-2026-09-09.json (candidates opcode=0x0427)
0x0428,ActionModifyCooldown,클래스명 연결,True,004d3b77,능력·공격·체력·투사체,135732,54,"{""14"": 135732}",13,,13,분기 복사 크기·byte order helper·생성자 저장 위치를 근거에 보존; 필드 이름은 미확정,"요청·시전·적중·효과·취소, 공격자·소유자·대상, 피해와 회복·보호막을 구별해야 함",V03,"생성자→apply의 참조와 ability/projectile 정의, HP 처리·쿨다운·charge 소비 경로를 추적한다.",대상 ActionModifyCooldown: 기본 공격과 A/B/C를 각각 단독 사용하고 헛발·적중·취소를 분리한다. 체력 관련 후보는 단일 피해·회복·보호막을 따로 비교한다.,"무행동, 범위 밖, 쿨다운 중 재입력, 빗나간 투사체를 대조한다.",서로 다른 영웅 2종 이상에서 개체·능력·단계가 일치하고 실패 요청을 성공 시전/적중으로 세지 않는다.,vg-binary-event-candidates-2026-09-09.json (candidates opcode=0x0428)
0x0429,ActionModifyAbilityCharges,클래스명 연결,True,004d3bf7,능력·공격·체력·투사체,1314,13,"{""14"": 1314}",13,,13,분기 복사 크기·byte order helper·생성자 저장 위치를 근거에 보존; 필드 이름은 미확정,"요청·시전·적중·효과·취소, 공격자·소유자·대상, 피해와 회복·보호막을 구별해야 함",V03,"생성자→apply의 참조와 ability/projectile 정의, HP 처리·쿨다운·charge 소비 경로를 추적한다.",대상 ActionModifyAbilityCharges: 기본 공격과 A/B/C를 각각 단독 사용하고 헛발·적중·취소를 분리한다. 체력 관련 후보는 단일 피해·회복·보호막을 따로 비교한다.,"무행동, 범위 밖, 쿨다운 중 재입력, 빗나간 투사체를 대조한다.",서로 다른 영웅 2종 이상에서 개체·능력·단계가 일치하고 실패 요청을 성공 시전/적중으로 세지 않는다.,vg-binary-event-candidates-2026-09-09.json (candidates opcode=0x0429)
0x042b,ActionModifyVisibility,클래스명 연결,True,004d3c65,시야·팀·목표물·어그로,4967338,56,"{""14"": 4967338}",8,,8,ActionModifyVisibility; BE32 참조와 index/state/mask 바이트,클래스 이름이 있어도 각 bit·수신자·팀/안개 상태의 의미는 별도 검증,V07,"manifest/kind와 팀 조회, visibility bit/mask, 어그로 대상, 소유 변경과 팀 보상 소비 경로를 연결한다.",대상 ActionModifyVisibility: 수풀/시야 경계 진입·이탈과 어그로 변경을 관측한다. 목표물은 터렛·크리스탈·대형 몬스터를 종류별로 하나씩 양 팀 관점에서 비교한다.,"피해만 주고 미처치, 다른 팀 처치, 시야 밖, 포획 없는 소멸을 대조한다.",종류·팀·수신 범위와 처치/포획/소유권/재등장이 일치하고 원시 source를 최종 보상 귀속으로 단정하지 않는다.,vg-binary-event-candidates-2026-09-09.json (candidates opcode=0x042b)
0x042c,ActionModifySpawnCampVisibility_Client,클래스명 연결,True,004d3cbb,시야·팀·목표물·어그로,85867,56,"{""6"": 85867}",6,,,분기 복사 크기·byte order helper·생성자 저장 위치를 근거에 보존; 필드 이름은 미확정,개체 종류·소유 팀·시야 수신자·원시 source·처치 인정자·보상 수신자는 별개임,V07,"manifest/kind와 팀 조회, visibility bit/mask, 어그로 대상, 소유 변경과 팀 보상 소비 경로를 연결한다.",대상 ActionModifySpawnCampVisibility_Client: 수풀/시야 경계 진입·이탈과 어그로 변경을 관측한다. 목표물은 터렛·크리스탈·대형 몬스터를 종류별로 하나씩 양 팀 관점에서 비교한다.,"피해만 주고 미처치, 다른 팀 처치, 시야 밖, 포획 없는 소멸을 대조한다.",종류·팀·수신 범위와 처치/포획/소유권/재등장이 일치하고 원시 source를 최종 보상 귀속으로 단정하지 않는다.,vg-binary-event-candidates-2026-09-09.json (candidates opcode=0x042c)
0x042e,ActionMoveToCorrection,클래스명 연결,True,004d0f00,이동·방향·위치,0,0,{},12,,12,분기 복사 크기·byte order helper·생성자 저장 위치를 근거에 보존; 필드 이름은 미확정,"현재 위치·목적지·보정 위치·효과 위치, 축·단위·지속시간을 구별해야 함",V02,벡터 필드가 위치 setter·경로·보간 중 어디에 들어가는지 추적하고 참조 대상과 좌표 변환을 확인한다.,대상 ActionMoveToCorrection: 정지→알려진 두 지점 사이 직선 이동→중지→돌진/순간이동을 각각 단독 수행한다.,"제자리 방향 전환, 이동 실패, 위치 고정 스킬을 대조한다.",개체·축·단위가 관측과 일치하고 현재 위치와 목적지가 분리된다. 예측/보정·취소·중지에서도 오탐하지 않는다.,vg-binary-event-candidates-2026-09-09.json (candidates opcode=0x042e)
0x042f,ActionActorUndead,클래스명 연결,True,004d2448,개체 생명주기,18,2,"{""6"": 18}",4,,4,분기 복사 크기·byte order helper·생성자 저장 위치를 근거에 보존; 필드 이름은 미확정,생성·스냅샷 재전송·사망·모델 소멸·부활·ID 재사용을 구별해야 함,V01,해당 클래스 생성자→apply의 ID 조회와 상태 전이를 추적하고 이전 spawn 정의·ID 수명·후속 snapshot을 연결한다.,대상 ActionActorUndead: 영웅과 미니언 각각 생성→사망→소멸→부활/재생성을 기록하고 부활 시 조작 가능 시점을 별도 표시한다.,살아 있는 효과 개체의 정상 제거와 section 경계 snapshot 재전송을 대조한다.,"대상 ID와 실제 생명주기 단계가 일치하며 snapshot 반복을 신규 생성으로, 제거를 처치로 오인하지 않는다.",vg-binary-event-candidates-2026-09-09.json (candidates opcode=0x042f)
0x0430,ActionActorDie,클래스명 연결,True,004d2495,개체 생명주기,100641,56,"{""14"": 100641}",8,,8,앞 8바이트: 사망 개체와 원시 source BE32 두 개; 관측 잔여6B 미해석,원시 source≠확정 킬 귀속. 액션 개수≠최종 데스; 종료 전 예외와 비영웅을 구별,V01,해당 클래스 생성자→apply의 ID 조회와 상태 전이를 추적하고 이전 spawn 정의·ID 수명·후속 snapshot을 연결한다.,대상 ActionActorDie: 영웅과 미니언 각각 생성→사망→소멸→부활/재생성을 기록하고 부활 시 조작 가능 시점을 별도 표시한다.,살아 있는 효과 개체의 정상 제거와 section 경계 snapshot 재전송을 대조한다.,"대상 ID와 실제 생명주기 단계가 일치하며 snapshot 반복을 신규 생성으로, 제거를 처치로 오인하지 않는다.",vg-binary-event-candidates-2026-09-09.json (candidates opcode=0x0430)
0x0431,ActionActorDead,클래스명 연결,True,004d24e0,개체 생명주기,97794,56,"{""6"": 97794}",4,,4,"ActionActorDead; 참조 BE32, 기존 apply는 조건부 상태3→4",이름만으로 사망 순간으로 재해석하지 않음. 0430·타이머·모델 소멸·부활과 각각 대조,V01,해당 클래스 생성자→apply의 ID 조회와 상태 전이를 추적하고 이전 spawn 정의·ID 수명·후속 snapshot을 연결한다.,대상 ActionActorDead: 영웅과 미니언 각각 생성→사망→소멸→부활/재생성을 기록하고 부활 시 조작 가능 시점을 별도 표시한다.,살아 있는 효과 개체의 정상 제거와 section 경계 snapshot 재전송을 대조한다.,"대상 ID와 실제 생명주기 단계가 일치하며 snapshot 반복을 신규 생성으로, 제거를 처치로 오인하지 않는다.",vg-binary-event-candidates-2026-09-09.json (candidates opcode=0x0431)
0x0432,ActionActorRespawn,클래스명 연결,True,004d252d,개체 생명주기,2084,55,"{""22"": 2084}",16,,16,분기 복사 크기·byte order helper·생성자 저장 위치를 근거에 보존; 필드 이름은 미확정,생성·스냅샷 재전송·사망·모델 소멸·부활·ID 재사용을 구별해야 함,V01,해당 클래스 생성자→apply의 ID 조회와 상태 전이를 추적하고 이전 spawn 정의·ID 수명·후속 snapshot을 연결한다.,대상 ActionActorRespawn: 영웅과 미니언 각각 생성→사망→소멸→부활/재생성을 기록하고 부활 시 조작 가능 시점을 별도 표시한다.,살아 있는 효과 개체의 정상 제거와 section 경계 snapshot 재전송을 대조한다.,"대상 ID와 실제 생명주기 단계가 일치하며 snapshot 반복을 신규 생성으로, 제거를 처치로 오인하지 않는다.",vg-binary-event-candidates-2026-09-09.json (candidates opcode=0x0432)
0x0433,ActionStartRespawnTimer,클래스명 연결,True,004d25fc,개체 생명주기,0,0,{},8,,8,분기 복사 크기·byte order helper·생성자 저장 위치를 근거에 보존; 필드 이름은 미확정,생성·스냅샷 재전송·사망·모델 소멸·부활·ID 재사용을 구별해야 함,V01,해당 클래스 생성자→apply의 ID 조회와 상태 전이를 추적하고 이전 spawn 정의·ID 수명·후속 snapshot을 연결한다.,대상 ActionStartRespawnTimer: 영웅과 미니언 각각 생성→사망→소멸→부활/재생성을 기록하고 부활 시 조작 가능 시점을 별도 표시한다.,살아 있는 효과 개체의 정상 제거와 section 경계 snapshot 재전송을 대조한다.,"대상 ID와 실제 생명주기 단계가 일치하며 snapshot 반복을 신규 생성으로, 제거를 처치로 오인하지 않는다.",vg-binary-event-candidates-2026-09-09.json (candidates opcode=0x0433)
0x0434,ActionLevelUp,클래스명 연결,True,004d31ec,능력치·자원·경제·레벨,7822,55,"{""14"": 7822}",8,,8,ActionLevelUp 클래스 연결,영웅 레벨과 능력 강화 포인트·경험치·연출의 실제 필드를 소비자에서 확인,V05,index별 setter→getter→명명된 export/UI 소비 경로와 초기 snapshot·reset·clamp를 추적한다. 상관만으로 자원 이름을 정하지 않는다.,대상 ActionLevelUp: 대기→구매→판매→단독 막타→근처 공유 처치→정글 처치를 분리한다. 레벨업 후 포인트를 보유했다가 능력 하나만 강화한다.,"SET 재전송, 무행동 자연 수입, 막타 없는 근접, 거절 구매, 사망 reset을 대조한다.",연산과 snapshot으로 복원한 수치가 각 관측 시점과 일치하고 잔액·총수입·레벨·포인트를 구별한다. 최종 KDA는 결과 화면으로 별도 확인한다.,vg-binary-event-candidates-2026-09-09.json (candidates opcode=0x0434)
0x0435,ActionMakeAnnouncement,클래스명 연결,True,004d3237,화면·음향·알림·소셜,0,0,{},24,,24,분기 복사 크기·byte order helper·생성자 저장 위치를 근거에 보존; 필드 이름은 미확정,"로컬 연출과 서버 사건, 개인/팀/전체 수신 범위, 표시 ID와 전투 영향은 별도임",V09,"localization/audio/pfx/UI 소비 경로와 수신 범위, 참조 ID·위치·지속시간, 로컬 요청 여부를 확인한다.",대상 ActionMakeAnnouncement: 비공개/연습 환경에서 해당 알림·핑·음성·효과·표시를 하나씩 발생시키고 지원되는 관점별 화면/음향을 비교한다.,"로컬 표시/음량 설정 변경, 수신 범위 밖, 유사하지만 다른 알림을 대조한다.",ID·대상·범위·표시가 일치하고 로컬 연출을 피해·처치·아이템 획득으로 오인하지 않는다.,vg-binary-event-candidates-2026-09-09.json (candidates opcode=0x0435)
0x0436,ActionRequestUpgradeAbility_Client,요청 직렬화 클래스 연결,False,,능력·공격·체력·투사체,0,0,{},,1,1,요청 formatter의 opcode 상수와 직렬화 payload 길이 확인: 1B. 바깥 VGR framing과 구별,요청 생성/전송과 서버 수락·실제 행동 성공은 별개. 변형 조건: 추가 변형 조건 미기재,V03,"생성자→apply의 참조와 ability/projectile 정의, HP 처리·쿨다운·charge 소비 경로를 추적한다.",대상 ActionRequestUpgradeAbility_Client: 기본 공격과 A/B/C를 각각 단독 사용하고 헛발·적중·취소를 분리한다. 체력 관련 후보는 단일 피해·회복·보호막을 따로 비교한다. 실제 송신 bytes와 수신/리플레이 방향을 독립 확인한다.,"무행동, 범위 밖, 쿨다운 중 재입력, 빗나간 투사체를 대조한다.",서로 다른 영웅 2종 이상에서 개체·능력·단계가 일치하고 실패 요청을 성공 시전/적중으로 세지 않는다.,vg-binary-event-candidates-2026-09-09.json (candidates opcode=0x0436)
0x0437,ActionQuickBuyItem,클래스명 연결,True,004d32c3,아이템·인벤토리·재능·빌드,0,0,{},4,,4,분기 복사 크기·byte order helper·생성자 저장 위치를 근거에 보존; 필드 이름은 미확정,구매 요청·허용/거절·지급·조합 소비·사용·판매·슬롯 이동·재능 장착의 필드를 구별해야 함,V06,"item/talent/slot/stack/recipe 참조와 생성자→apply, 금액 차감·지급·거절 사유 소비 경로를 추적한다.",대상 ActionQuickBuyItem: 부품 구매→조합→판매→소모품 사용→슬롯 이동을 각각 분리한다. 재능과 추천 빌드는 지원 모드에서 장착/해제/변경한다.,돈 부족·슬롯 가득·상점 밖·쿨다운 중 사용·잘못된 재능 모드의 거절을 대조한다.,아이템/슬롯/수량과 실제 인벤토리·금액 변화가 일치하며 요청/지급/소비/거절을 중복 집계하지 않는다.,vg-binary-event-candidates-2026-09-09.json (candidates opcode=0x0437)
0x0438,ActionReorderItem,요청 직렬화 클래스 연결,False,,아이템·인벤토리·재능·빌드,727,54,"{""6"": 727}",,6,6,요청 formatter의 opcode 상수와 직렬화 payload 길이 확인: 6B. 바깥 VGR framing과 구별,요청 생성/전송과 서버 수락·실제 행동 성공은 별개. 변형 조건: 추가 변형 조건 미기재,V06,"item/talent/slot/stack/recipe 참조와 생성자→apply, 금액 차감·지급·거절 사유 소비 경로를 추적한다.",대상 ActionReorderItem: 부품 구매→조합→판매→소모품 사용→슬롯 이동을 각각 분리한다. 재능과 추천 빌드는 지원 모드에서 장착/해제/변경한다. 실제 송신 bytes와 수신/리플레이 방향을 독립 확인한다.,돈 부족·슬롯 가득·상점 밖·쿨다운 중 사용·잘못된 재능 모드의 거절을 대조한다.,아이템/슬롯/수량과 실제 인벤토리·금액 변화가 일치하며 요청/지급/소비/거절을 중복 집계하지 않는다.,vg-binary-event-candidates-2026-09-09.json (candidates opcode=0x0438)
0x0439,ActionBuyItem,클래스명 연결,True,004d3310,아이템·인벤토리·재능·빌드,0,0,{},8,,8,ActionBuyItem 클래스 연결,"구매 요청/처리·거절과 GrantItem/ConsumeItem의 조합 관계, 금액 차감은 별도 확인",V06,"item/talent/slot/stack/recipe 참조와 생성자→apply, 금액 차감·지급·거절 사유 소비 경로를 추적한다.",대상 ActionBuyItem: 부품 구매→조합→판매→소모품 사용→슬롯 이동을 각각 분리한다. 재능과 추천 빌드는 지원 모드에서 장착/해제/변경한다.,돈 부족·슬롯 가득·상점 밖·쿨다운 중 사용·잘못된 재능 모드의 거절을 대조한다.,아이템/슬롯/수량과 실제 인벤토리·금액 변화가 일치하며 요청/지급/소비/거절을 중복 집계하지 않는다.,vg-binary-event-candidates-2026-09-09.json (candidates opcode=0x0439)
0x043a,ActionGrantAbility,클래스명 연결,True,004d335b,능력·공격·체력·투사체,5840,55,"{""14"": 5840}",8,,8,분기 복사 크기·byte order helper·생성자 저장 위치를 근거에 보존; 필드 이름은 미확정,"요청·시전·적중·효과·취소, 공격자·소유자·대상, 피해와 회복·보호막을 구별해야 함",V03,"생성자→apply의 참조와 ability/projectile 정의, HP 처리·쿨다운·charge 소비 경로를 추적한다.",대상 ActionGrantAbility: 기본 공격과 A/B/C를 각각 단독 사용하고 헛발·적중·취소를 분리한다. 체력 관련 후보는 단일 피해·회복·보호막을 따로 비교한다.,"무행동, 범위 밖, 쿨다운 중 재입력, 빗나간 투사체를 대조한다.",서로 다른 영웅 2종 이상에서 개체·능력·단계가 일치하고 실패 요청을 성공 시전/적중으로 세지 않는다.,vg-binary-event-candidates-2026-09-09.json (candidates opcode=0x043a)
0x043b,ActionDowngradeAbility,클래스명 연결,True,004d33a6,능력·공격·체력·투사체,0,0,{},8,,8,분기 복사 크기·byte order helper·생성자 저장 위치를 근거에 보존; 필드 이름은 미확정,"요청·시전·적중·효과·취소, 공격자·소유자·대상, 피해와 회복·보호막을 구별해야 함",V03,"생성자→apply의 참조와 ability/projectile 정의, HP 처리·쿨다운·charge 소비 경로를 추적한다.",대상 ActionDowngradeAbility: 기본 공격과 A/B/C를 각각 단독 사용하고 헛발·적중·취소를 분리한다. 체력 관련 후보는 단일 피해·회복·보호막을 따로 비교한다.,"무행동, 범위 밖, 쿨다운 중 재입력, 빗나간 투사체를 대조한다.",서로 다른 영웅 2종 이상에서 개체·능력·단계가 일치하고 실패 요청을 성공 시전/적중으로 세지 않는다.,vg-binary-event-candidates-2026-09-09.json (candidates opcode=0x043b)
0x043c,ActionCancelAbility,클래스명 연결,True,004d33f1,능력·공격·체력·투사체,91152,54,"{""14"": 91152}",10,,10,분기 복사 크기·byte order helper·생성자 저장 위치를 근거에 보존; 필드 이름은 미확정,"요청·시전·적중·효과·취소, 공격자·소유자·대상, 피해와 회복·보호막을 구별해야 함",V03,"생성자→apply의 참조와 ability/projectile 정의, HP 처리·쿨다운·charge 소비 경로를 추적한다.",대상 ActionCancelAbility: 기본 공격과 A/B/C를 각각 단독 사용하고 헛발·적중·취소를 분리한다. 체력 관련 후보는 단일 피해·회복·보호막을 따로 비교한다.,"무행동, 범위 밖, 쿨다운 중 재입력, 빗나간 투사체를 대조한다.",서로 다른 영웅 2종 이상에서 개체·능력·단계가 일치하고 실패 요청을 성공 시전/적중으로 세지 않는다.,vg-binary-event-candidates-2026-09-09.json (candidates opcode=0x043c)
0x043d,ActionGrantItem,클래스명 연결,True,004d3471,아이템·인벤토리·재능·빌드,11663,56,"{""14"": 11663}",12,,12,ActionGrantItem 클래스 연결,아이템 지급 원인이 구매인지 보상인지 미확정. 조합·슬롯·수량을 검증,V06,"item/talent/slot/stack/recipe 참조와 생성자→apply, 금액 차감·지급·거절 사유 소비 경로를 추적한다.",대상 ActionGrantItem: 부품 구매→조합→판매→소모품 사용→슬롯 이동을 각각 분리한다. 재능과 추천 빌드는 지원 모드에서 장착/해제/변경한다.,돈 부족·슬롯 가득·상점 밖·쿨다운 중 사용·잘못된 재능 모드의 거절을 대조한다.,아이템/슬롯/수량과 실제 인벤토리·금액 변화가 일치하며 요청/지급/소비/거절을 중복 집계하지 않는다.,vg-binary-event-candidates-2026-09-09.json (candidates opcode=0x043d)
0x043e,ActionApplyBuff,클래스명 연결,True,004d34d8,버프·스택·장판,4320170,56,"{""22"": 4320170}",16,,16,분기 복사 크기·byte order helper·생성자 저장 위치를 근거에 보존; 필드 이름은 미확정,부여·스택 변경·변수 변경·해제·자연 만료와 장판의 생성/제거를 구별해야 함,V04,"buff/zone 정의 ID와 대상 조회, duration·stack·mask·variable setter 및 종료 경로를 추적한다.",대상 ActionApplyBuff: 동일 버프를 한 번 부여한 뒤 재부여·중첩·강제 해제·자연 만료를 각각 기록한다. 장판은 진입과 이탈을 분리한다.,"대상 밖, 면역 상태, 스택 상한 도달, 같은 효과의 갱신을 대조한다.",버프 ID·대상·스택·남은 시간과 종료 이유가 일치하고 갱신을 신규 효과나 처치로 중복 집계하지 않는다.,vg-binary-event-candidates-2026-09-09.json (candidates opcode=0x043e)
0x043f,ActionApplyBuff,클래스명 연결,True,004d357d,버프·스택·장판,3084299,56,"{""34"": 2198719, ""38"": 885580}",34,,34,분기 복사 크기·byte order helper·생성자 저장 위치를 근거에 보존; 필드 이름은 미확정,부여·스택 변경·변수 변경·해제·자연 만료와 장판의 생성/제거를 구별해야 함,V04,"buff/zone 정의 ID와 대상 조회, duration·stack·mask·variable setter 및 종료 경로를 추적한다.",대상 ActionApplyBuff: 동일 버프를 한 번 부여한 뒤 재부여·중첩·강제 해제·자연 만료를 각각 기록한다. 장판은 진입과 이탈을 분리한다.,"대상 밖, 면역 상태, 스택 상한 도달, 같은 효과의 갱신을 대조한다.",버프 ID·대상·스택·남은 시간과 종료 이유가 일치하고 갱신을 신규 효과나 처치로 중복 집계하지 않는다.,vg-binary-event-candidates-2026-09-09.json (candidates opcode=0x043f)
0x0440,ActionShowFlyoutText,클래스명 연결,True,004d367a,화면·음향·알림·소셜,7554,54,"{""14"": 7554}",10,,10,분기 복사 크기·byte order helper·생성자 저장 위치를 근거에 보존; 필드 이름은 미확정,"로컬 연출과 서버 사건, 개인/팀/전체 수신 범위, 표시 ID와 전투 영향은 별도임",V09,"localization/audio/pfx/UI 소비 경로와 수신 범위, 참조 ID·위치·지속시간, 로컬 요청 여부를 확인한다.",대상 ActionShowFlyoutText: 비공개/연습 환경에서 해당 알림·핑·음성·효과·표시를 하나씩 발생시키고 지원되는 관점별 화면/음향을 비교한다.,"로컬 표시/음량 설정 변경, 수신 범위 밖, 유사하지만 다른 알림을 대조한다.",ID·대상·범위·표시가 일치하고 로컬 연출을 피해·처치·아이템 획득으로 오인하지 않는다.,vg-binary-event-candidates-2026-09-09.json (candidates opcode=0x0440)
0x0441,ActionModifyBuffDuration,클래스명 연결,True,004d36e9,버프·스택·장판,15353,46,"{""14"": 15353}",12,,12,분기 복사 크기·byte order helper·생성자 저장 위치를 근거에 보존; 필드 이름은 미확정,부여·스택 변경·변수 변경·해제·자연 만료와 장판의 생성/제거를 구별해야 함,V04,"buff/zone 정의 ID와 대상 조회, duration·stack·mask·variable setter 및 종료 경로를 추적한다.",대상 ActionModifyBuffDuration: 동일 버프를 한 번 부여한 뒤 재부여·중첩·강제 해제·자연 만료를 각각 기록한다. 장판은 진입과 이탈을 분리한다.,"대상 밖, 면역 상태, 스택 상한 도달, 같은 효과의 갱신을 대조한다.",버프 ID·대상·스택·남은 시간과 종료 이유가 일치하고 갱신을 신규 효과나 처치로 중복 집계하지 않는다.,vg-binary-event-candidates-2026-09-09.json (candidates opcode=0x0441)
0x0442,ActionModifyBuffMaxStacks,클래스명 연결,True,004d3776,버프·스택·장판,0,0,{},12,,12,분기 복사 크기·byte order helper·생성자 저장 위치를 근거에 보존; 필드 이름은 미확정,부여·스택 변경·변수 변경·해제·자연 만료와 장판의 생성/제거를 구별해야 함,V04,"buff/zone 정의 ID와 대상 조회, duration·stack·mask·variable setter 및 종료 경로를 추적한다.",대상 ActionModifyBuffMaxStacks: 동일 버프를 한 번 부여한 뒤 재부여·중첩·강제 해제·자연 만료를 각각 기록한다. 장판은 진입과 이탈을 분리한다.,"대상 밖, 면역 상태, 스택 상한 도달, 같은 효과의 갱신을 대조한다.",버프 ID·대상·스택·남은 시간과 종료 이유가 일치하고 갱신을 신규 효과나 처치로 중복 집계하지 않는다.,vg-binary-event-candidates-2026-09-09.json (candidates opcode=0x0442)
0x0443,ActionModifyBuffStack,클래스명 연결,True,004d37dd,버프·스택·장판,122176,54,"{""14"": 122176}",12,,12,분기 복사 크기·byte order helper·생성자 저장 위치를 근거에 보존; 필드 이름은 미확정,부여·스택 변경·변수 변경·해제·자연 만료와 장판의 생성/제거를 구별해야 함,V04,"buff/zone 정의 ID와 대상 조회, duration·stack·mask·variable setter 및 종료 경로를 추적한다.",대상 ActionModifyBuffStack: 동일 버프를 한 번 부여한 뒤 재부여·중첩·강제 해제·자연 만료를 각각 기록한다. 장판은 진입과 이탈을 분리한다.,"대상 밖, 면역 상태, 스택 상한 도달, 같은 효과의 갱신을 대조한다.",버프 ID·대상·스택·남은 시간과 종료 이유가 일치하고 갱신을 신규 효과나 처치로 중복 집계하지 않는다.,vg-binary-event-candidates-2026-09-09.json (candidates opcode=0x0443)
0x0444,ActionModifyItemStack,클래스명 연결,True,004d3846,아이템·인벤토리·재능·빌드,0,0,{},12,,12,분기 복사 크기·byte order helper·생성자 저장 위치를 근거에 보존; 필드 이름은 미확정,구매 요청·허용/거절·지급·조합 소비·사용·판매·슬롯 이동·재능 장착의 필드를 구별해야 함,V06,"item/talent/slot/stack/recipe 참조와 생성자→apply, 금액 차감·지급·거절 사유 소비 경로를 추적한다.",대상 ActionModifyItemStack: 부품 구매→조합→판매→소모품 사용→슬롯 이동을 각각 분리한다. 재능과 추천 빌드는 지원 모드에서 장착/해제/변경한다.,돈 부족·슬롯 가득·상점 밖·쿨다운 중 사용·잘못된 재능 모드의 거절을 대조한다.,아이템/슬롯/수량과 실제 인벤토리·금액 변화가 일치하며 요청/지급/소비/거절을 중복 집계하지 않는다.,vg-binary-event-candidates-2026-09-09.json (candidates opcode=0x0444)
0x0445,ActionCancelBuff,클래스명 연결,True,004d39c5,버프·스택·장판,139309,56,"{""14"": 139309}",8,,8,분기 복사 크기·byte order helper·생성자 저장 위치를 근거에 보존; 필드 이름은 미확정,부여·스택 변경·변수 변경·해제·자연 만료와 장판의 생성/제거를 구별해야 함,V04,"buff/zone 정의 ID와 대상 조회, duration·stack·mask·variable setter 및 종료 경로를 추적한다.",대상 ActionCancelBuff: 동일 버프를 한 번 부여한 뒤 재부여·중첩·강제 해제·자연 만료를 각각 기록한다. 장판은 진입과 이탈을 분리한다.,"대상 밖, 면역 상태, 스택 상한 도달, 같은 효과의 갱신을 대조한다.",버프 ID·대상·스택·남은 시간과 종료 이유가 일치하고 갱신을 신규 효과나 처치로 중복 집계하지 않는다.,vg-binary-event-candidates-2026-09-09.json (candidates opcode=0x0445)
0x0446,ActionTimeoutBuff,클래스명 연결,True,004d3a10,버프·스택·장판,8094,54,"{""14"": 8094}",8,,8,분기 복사 크기·byte order helper·생성자 저장 위치를 근거에 보존; 필드 이름은 미확정,부여·스택 변경·변수 변경·해제·자연 만료와 장판의 생성/제거를 구별해야 함,V04,"buff/zone 정의 ID와 대상 조회, duration·stack·mask·variable setter 및 종료 경로를 추적한다.",대상 ActionTimeoutBuff: 동일 버프를 한 번 부여한 뒤 재부여·중첩·강제 해제·자연 만료를 각각 기록한다. 장판은 진입과 이탈을 분리한다.,"대상 밖, 면역 상태, 스택 상한 도달, 같은 효과의 갱신을 대조한다.",버프 ID·대상·스택·남은 시간과 종료 이유가 일치하고 갱신을 신규 효과나 처치로 중복 집계하지 않는다.,vg-binary-event-candidates-2026-09-09.json (candidates opcode=0x0446)
0x0447,ActionDecrementBuffStack,클래스명 연결,True,004d3a5b,버프·스택·장판,586,6,"{""14"": 586}",12,,12,분기 복사 크기·byte order helper·생성자 저장 위치를 근거에 보존; 필드 이름은 미확정,부여·스택 변경·변수 변경·해제·자연 만료와 장판의 생성/제거를 구별해야 함,V04,"buff/zone 정의 ID와 대상 조회, duration·stack·mask·variable setter 및 종료 경로를 추적한다.",대상 ActionDecrementBuffStack: 동일 버프를 한 번 부여한 뒤 재부여·중첩·강제 해제·자연 만료를 각각 기록한다. 장판은 진입과 이탈을 분리한다.,"대상 밖, 면역 상태, 스택 상한 도달, 같은 효과의 갱신을 대조한다.",버프 ID·대상·스택·남은 시간과 종료 이유가 일치하고 갱신을 신규 효과나 처치로 중복 집계하지 않는다.,vg-binary-event-candidates-2026-09-09.json (candidates opcode=0x0447)
0x0448,ActionRequestActivateItem,요청 직렬화 클래스 연결,False,,아이템·인벤토리·재능·빌드,11711,55,"{""6"": 11711}",,4,4,요청 formatter의 opcode 상수와 직렬화 payload 길이 확인: 4B. 바깥 VGR framing과 구별,요청 생성/전송과 서버 수락·실제 행동 성공은 별개. 변형 조건: object+0x24 mode 3,V06,"item/talent/slot/stack/recipe 참조와 생성자→apply, 금액 차감·지급·거절 사유 소비 경로를 추적한다.",대상 ActionRequestActivateItem: 부품 구매→조합→판매→소모품 사용→슬롯 이동을 각각 분리한다. 재능과 추천 빌드는 지원 모드에서 장착/해제/변경한다. 실제 송신 bytes와 수신/리플레이 방향을 독립 확인한다.,돈 부족·슬롯 가득·상점 밖·쿨다운 중 사용·잘못된 재능 모드의 거절을 대조한다.,아이템/슬롯/수량과 실제 인벤토리·금액 변화가 일치하며 요청/지급/소비/거절을 중복 집계하지 않는다.,vg-binary-event-candidates-2026-09-09.json (candidates opcode=0x0448)
0x0449,ActionRequestActivateItem,요청 직렬화 클래스 연결,False,,아이템·인벤토리·재능·빌드,31,14,"{""14"": 31}",,8,8,요청 formatter의 opcode 상수와 직렬화 payload 길이 확인: 8B. 바깥 VGR framing과 구별,요청 생성/전송과 서버 수락·실제 행동 성공은 별개. 변형 조건: object+0x24 mode 0,V06,"item/talent/slot/stack/recipe 참조와 생성자→apply, 금액 차감·지급·거절 사유 소비 경로를 추적한다.",대상 ActionRequestActivateItem: 부품 구매→조합→판매→소모품 사용→슬롯 이동을 각각 분리한다. 재능과 추천 빌드는 지원 모드에서 장착/해제/변경한다. 실제 송신 bytes와 수신/리플레이 방향을 독립 확인한다.,돈 부족·슬롯 가득·상점 밖·쿨다운 중 사용·잘못된 재능 모드의 거절을 대조한다.,아이템/슬롯/수량과 실제 인벤토리·금액 변화가 일치하며 요청/지급/소비/거절을 중복 집계하지 않는다.,vg-binary-event-candidates-2026-09-09.json (candidates opcode=0x0449)
0x044a,ActionRequestActivateItem,요청 직렬화 클래스 연결,False,,아이템·인벤토리·재능·빌드,6084,54,"{""22"": 6084}",,16,16,요청 formatter의 opcode 상수와 직렬화 payload 길이 확인: 16B. 바깥 VGR framing과 구별,요청 생성/전송과 서버 수락·실제 행동 성공은 별개. 변형 조건: object+0x24 mode 1,V06,"item/talent/slot/stack/recipe 참조와 생성자→apply, 금액 차감·지급·거절 사유 소비 경로를 추적한다.",대상 ActionRequestActivateItem: 부품 구매→조합→판매→소모품 사용→슬롯 이동을 각각 분리한다. 재능과 추천 빌드는 지원 모드에서 장착/해제/변경한다. 실제 송신 bytes와 수신/리플레이 방향을 독립 확인한다.,돈 부족·슬롯 가득·상점 밖·쿨다운 중 사용·잘못된 재능 모드의 거절을 대조한다.,아이템/슬롯/수량과 실제 인벤토리·금액 변화가 일치하며 요청/지급/소비/거절을 중복 집계하지 않는다.,vg-binary-event-candidates-2026-09-09.json (candidates opcode=0x044a)
0x044b,ActionConsumeItem,클래스명 연결,True,004d3dc6,아이템·인벤토리·재능·빌드,7327,55,"{""14"": 7327}",10,,10,ActionConsumeItem 클래스 연결; C의 case1099에 대응,소모품 사용·조합 소비·기타 제거를 구별. 과거 판매 후보 라벨을 확정하지 않음,V06,"item/talent/slot/stack/recipe 참조와 생성자→apply, 금액 차감·지급·거절 사유 소비 경로를 추적한다.",대상 ActionConsumeItem: 부품 구매→조합→판매→소모품 사용→슬롯 이동을 각각 분리한다. 재능과 추천 빌드는 지원 모드에서 장착/해제/변경한다.,돈 부족·슬롯 가득·상점 밖·쿨다운 중 사용·잘못된 재능 모드의 거절을 대조한다.,아이템/슬롯/수량과 실제 인벤토리·금액 변화가 일치하며 요청/지급/소비/거절을 중복 집계하지 않는다.,vg-binary-event-candidates-2026-09-09.json (candidates opcode=0x044b)
0x044c,ActionItemActivated,클래스명 연결,True,004d3e39,아이템·인벤토리·재능·빌드,17438,55,"{""22"": 17438}",21,,21,분기 복사 크기·byte order helper·생성자 저장 위치를 근거에 보존; 필드 이름은 미확정,구매 요청·허용/거절·지급·조합 소비·사용·판매·슬롯 이동·재능 장착의 필드를 구별해야 함,V06,"item/talent/slot/stack/recipe 참조와 생성자→apply, 금액 차감·지급·거절 사유 소비 경로를 추적한다.",대상 ActionItemActivated: 부품 구매→조합→판매→소모품 사용→슬롯 이동을 각각 분리한다. 재능과 추천 빌드는 지원 모드에서 장착/해제/변경한다.,돈 부족·슬롯 가득·상점 밖·쿨다운 중 사용·잘못된 재능 모드의 거절을 대조한다.,아이템/슬롯/수량과 실제 인벤토리·금액 변화가 일치하며 요청/지급/소비/거절을 중복 집계하지 않는다.,vg-binary-event-candidates-2026-09-09.json (candidates opcode=0x044c)
0x044d,ActionSellItem,클래스명 연결,True,004d3f89,아이템·인벤토리·재능·빌드,326,47,"{""14"": 326}",8,,8,ActionSellItem 클래스 연결,판매 가능 조건·수량·슬롯·환급액과 실패 요청을 별도 확인,V06,"item/talent/slot/stack/recipe 참조와 생성자→apply, 금액 차감·지급·거절 사유 소비 경로를 추적한다.",대상 ActionSellItem: 부품 구매→조합→판매→소모품 사용→슬롯 이동을 각각 분리한다. 재능과 추천 빌드는 지원 모드에서 장착/해제/변경한다.,돈 부족·슬롯 가득·상점 밖·쿨다운 중 사용·잘못된 재능 모드의 거절을 대조한다.,아이템/슬롯/수량과 실제 인벤토리·금액 변화가 일치하며 요청/지급/소비/거절을 중복 집계하지 않는다.,vg-binary-event-candidates-2026-09-09.json (candidates opcode=0x044d)
0x044e,ActionPing,클래스명 연결,True,004d462d,화면·음향·알림·소셜,0,0,{},22,,22,분기 복사 크기·byte order helper·생성자 저장 위치를 근거에 보존; 필드 이름은 미확정,"로컬 연출과 서버 사건, 개인/팀/전체 수신 범위, 표시 ID와 전투 영향은 별도임",V09,"localization/audio/pfx/UI 소비 경로와 수신 범위, 참조 ID·위치·지속시간, 로컬 요청 여부를 확인한다.",대상 ActionPing: 비공개/연습 환경에서 해당 알림·핑·음성·효과·표시를 하나씩 발생시키고 지원되는 관점별 화면/음향을 비교한다.,"로컬 표시/음량 설정 변경, 수신 범위 밖, 유사하지만 다른 알림을 대조한다.",ID·대상·범위·표시가 일치하고 로컬 연출을 피해·처치·아이템 획득으로 오인하지 않는다.,vg-binary-event-candidates-2026-09-09.json (candidates opcode=0x044e)
0x044f,ActionHUDQuickMessage,클래스명 연결,True,004d472a,화면·음향·알림·소셜,1896,54,"{""22"": 1896}",17,,17,분기 복사 크기·byte order helper·생성자 저장 위치를 근거에 보존; 필드 이름은 미확정,"로컬 연출과 서버 사건, 개인/팀/전체 수신 범위, 표시 ID와 전투 영향은 별도임",V09,"localization/audio/pfx/UI 소비 경로와 수신 범위, 참조 ID·위치·지속시간, 로컬 요청 여부를 확인한다.",대상 ActionHUDQuickMessage: 비공개/연습 환경에서 해당 알림·핑·음성·효과·표시를 하나씩 발생시키고 지원되는 관점별 화면/음향을 비교한다.,"로컬 표시/음량 설정 변경, 수신 범위 밖, 유사하지만 다른 알림을 대조한다.",ID·대상·범위·표시가 일치하고 로컬 연출을 피해·처치·아이템 획득으로 오인하지 않는다.,vg-binary-event-candidates-2026-09-09.json (candidates opcode=0x044f)
0x0451,미명명 후보,처리 분기만 확인,True,004d3fd4,미분류·기록/빌드 차이,0,0,{},4,,,분기 복사 크기·byte order helper·생성자 저장 위치를 근거에 보존; 필드 이름은 미확정,처리 분기 또는 native 이름만으로 목적·필드·통신 방향·사용 조건을 확정할 수 없음,V00,"모든 직접 호출과 serializer 역참조, RTTI/apply, 문자열·호출자를 조사한다. 관측 길이별로 비교하고 수신기 기본 경로인 경우 다른 방향/빌드를 먼저 확인한다.",대상 미명명 후보: 소비 경로로 행동 후보를 좁힌 다음 후보 행동을 하나씩 독립 기록하고 가능하면 실제 송수신 경로와 함께 대조한다.,"무행동, 비슷한 다른 행동, 다른 모드/상태/빌드를 대조한다.",특정 행동과 필드 해석을 지지하는 사례와 반증 대조를 함께 확보하기 전에는 unknown을 유지한다. 미관측을 미사용/예약 코드로 단정하지 않는다.,vg-binary-event-candidates-2026-09-09.json (candidates opcode=0x0451)
0x0452,method_onPacket_LevelControllerOnEnterPostGame,콜백명 연결,True,004d4037,경기·시계·튜토리얼·통계,50,50,"{""6"": 50}",1,,,"LevelControllerOnEnterPostGame 콜백 이름; 분기는1B를 복사, 나머지5B 미해석",모든 callback 실행·서버 점수 중단을 증명하지 않음. 같은 시각 뒤의 정상 점수14건을 버리지 않음,V08,상태 getter/setter·queue·reason 분기와 이름이 있는 소비 경로를 추적한다. 같은 시각 후속 연산과 지원되지 않는 시계를 보존한다.,대상 method_onPacket_LevelControllerOnEnterPostGame: 시작·준비·관전자 전환·튜토리얼 상태를 분리하고 정상 비항복 종료와 항복 종료를 각각 기록한다. 종료 직전 전투와 최종 화면도 함께 확보한다.,"종료 전 비슷한 시각의 대기, 무시/실패 reason, 지원되지 않는 모드와 시계 정지·재개를 대조한다.",해당 상태와 표시가 일치하고 동시각 후속 점수를 보존한다. 결과 화면으로 최종 수치를 확인하기 전 완료/보정 기준으로 승격하지 않는다.,vg-binary-event-candidates-2026-09-09.json (candidates opcode=0x0452)
0x0453,미명명 후보,처리 분기만 확인,True,004d40ba,미분류·기록/빌드 차이,0,0,{},32,,,분기 복사 크기·byte order helper·생성자 저장 위치를 근거에 보존; 필드 이름은 미확정,처리 분기 또는 native 이름만으로 목적·필드·통신 방향·사용 조건을 확정할 수 없음,V00,"모든 직접 호출과 serializer 역참조, RTTI/apply, 문자열·호출자를 조사한다. 관측 길이별로 비교하고 수신기 기본 경로인 경우 다른 방향/빌드를 먼저 확인한다.",대상 미명명 후보: 소비 경로로 행동 후보를 좁힌 다음 후보 행동을 하나씩 독립 기록하고 가능하면 실제 송수신 경로와 함께 대조한다.,"무행동, 비슷한 다른 행동, 다른 모드/상태/빌드를 대조한다.",특정 행동과 필드 해석을 지지하는 사례와 반증 대조를 함께 확보하기 전에는 unknown을 유지한다. 미관측을 미사용/예약 코드로 단정하지 않는다.,vg-binary-event-candidates-2026-09-09.json (candidates opcode=0x0453)
0x0454,미명명 후보,처리 분기만 확인,True,004d40df,미분류·기록/빌드 차이,0,0,{},68,,,분기 복사 크기·byte order helper·생성자 저장 위치를 근거에 보존; 필드 이름은 미확정,처리 분기 또는 native 이름만으로 목적·필드·통신 방향·사용 조건을 확정할 수 없음,V00,"모든 직접 호출과 serializer 역참조, RTTI/apply, 문자열·호출자를 조사한다. 관측 길이별로 비교하고 수신기 기본 경로인 경우 다른 방향/빌드를 먼저 확인한다.",대상 미명명 후보: 소비 경로로 행동 후보를 좁힌 다음 후보 행동을 하나씩 독립 기록하고 가능하면 실제 송수신 경로와 함께 대조한다.,"무행동, 비슷한 다른 행동, 다른 모드/상태/빌드를 대조한다.",특정 행동과 필드 해석을 지지하는 사례와 반증 대조를 함께 확보하기 전에는 unknown을 유지한다. 미관측을 미사용/예약 코드로 단정하지 않는다.,vg-binary-event-candidates-2026-09-09.json (candidates opcode=0x0454)
0x0455,미명명 패킷 후보,패킷 직렬화 경로 확인,False,,미분류·기록/빌드 차이,0,0,{},,,1,"고정 header의 u16 길이/opcode 상수와 payload 복사 크기, 공통 전달 함수 호출 확인; payload 의미와 기록 방향은 미확정",처리 분기 또는 native 이름만으로 목적·필드·통신 방향·사용 조건을 확정할 수 없음,V00,"모든 직접 호출과 serializer 역참조, RTTI/apply, 문자열·호출자를 조사한다. 관측 길이별로 비교하고 수신기 기본 경로인 경우 다른 방향/빌드를 먼저 확인한다.",대상 미명명 패킷 후보: 소비 경로로 행동 후보를 좁힌 다음 후보 행동을 하나씩 독립 기록하고 가능하면 실제 송수신 경로와 함께 대조한다.,"무행동, 비슷한 다른 행동, 다른 모드/상태/빌드를 대조한다.",특정 행동과 필드 해석을 지지하는 사례와 반증 대조를 함께 확보하기 전에는 unknown을 유지한다. 미관측을 미사용/예약 코드로 단정하지 않는다.,vg-binary-event-candidates-2026-09-09.json (candidates opcode=0x0455)
0x0456,미명명 패킷 후보,패킷 직렬화 경로 확인,False,,미분류·기록/빌드 차이,0,0,{},,,1,"고정 header의 u16 길이/opcode 상수와 payload 복사 크기, 공통 전달 함수 호출 확인; payload 의미와 기록 방향은 미확정",처리 분기 또는 native 이름만으로 목적·필드·통신 방향·사용 조건을 확정할 수 없음,V00,"모든 직접 호출과 serializer 역참조, RTTI/apply, 문자열·호출자를 조사한다. 관측 길이별로 비교하고 수신기 기본 경로인 경우 다른 방향/빌드를 먼저 확인한다.",대상 미명명 패킷 후보: 소비 경로로 행동 후보를 좁힌 다음 후보 행동을 하나씩 독립 기록하고 가능하면 실제 송수신 경로와 함께 대조한다.,"무행동, 비슷한 다른 행동, 다른 모드/상태/빌드를 대조한다.",특정 행동과 필드 해석을 지지하는 사례와 반증 대조를 함께 확보하기 전에는 unknown을 유지한다. 미관측을 미사용/예약 코드로 단정하지 않는다.,vg-binary-event-candidates-2026-09-09.json (candidates opcode=0x0456)
0x0458,미명명 패킷 후보,패킷 직렬화 경로 확인,False,,미분류·기록/빌드 차이,20,14,"{""6"": 20}",,,1,"고정 header의 u16 길이/opcode 상수와 payload 복사 크기, 공통 전달 함수 호출 확인; payload 의미와 기록 방향은 미확정",처리 분기 또는 native 이름만으로 목적·필드·통신 방향·사용 조건을 확정할 수 없음,V00,"모든 직접 호출과 serializer 역참조, RTTI/apply, 문자열·호출자를 조사한다. 관측 길이별로 비교하고 수신기 기본 경로인 경우 다른 방향/빌드를 먼저 확인한다.",대상 미명명 패킷 후보: 소비 경로로 행동 후보를 좁힌 다음 후보 행동을 하나씩 독립 기록하고 가능하면 실제 송수신 경로와 함께 대조한다.,"무행동, 비슷한 다른 행동, 다른 모드/상태/빌드를 대조한다.",특정 행동과 필드 해석을 지지하는 사례와 반증 대조를 함께 확보하기 전에는 unknown을 유지한다. 미관측을 미사용/예약 코드로 단정하지 않는다.,vg-binary-event-candidates-2026-09-09.json (candidates opcode=0x0458)
0x0459,미명명 후보,처리 분기만 확인,True,004d4127,미분류·기록/빌드 차이,0,0,{},2584,,,분기 복사 크기·byte order helper·생성자 저장 위치를 근거에 보존; 필드 이름은 미확정,처리 분기 또는 native 이름만으로 목적·필드·통신 방향·사용 조건을 확정할 수 없음,V00,"모든 직접 호출과 serializer 역참조, RTTI/apply, 문자열·호출자를 조사한다. 관측 길이별로 비교하고 수신기 기본 경로인 경우 다른 방향/빌드를 먼저 확인한다.",대상 미명명 후보: 소비 경로로 행동 후보를 좁힌 다음 후보 행동을 하나씩 독립 기록하고 가능하면 실제 송수신 경로와 함께 대조한다.,"무행동, 비슷한 다른 행동, 다른 모드/상태/빌드를 대조한다.",특정 행동과 필드 해석을 지지하는 사례와 반증 대조를 함께 확보하기 전에는 unknown을 유지한다. 미관측을 미사용/예약 코드로 단정하지 않는다.,vg-binary-event-candidates-2026-09-09.json (candidates opcode=0x0459)
0x045a,미명명 후보,처리 분기만 확인,True,004d41cd,미분류·기록/빌드 차이,0,0,{},2584,,,분기 복사 크기·byte order helper·생성자 저장 위치를 근거에 보존; 필드 이름은 미확정,처리 분기 또는 native 이름만으로 목적·필드·통신 방향·사용 조건을 확정할 수 없음,V00,"모든 직접 호출과 serializer 역참조, RTTI/apply, 문자열·호출자를 조사한다. 관측 길이별로 비교하고 수신기 기본 경로인 경우 다른 방향/빌드를 먼저 확인한다.",대상 미명명 후보: 소비 경로로 행동 후보를 좁힌 다음 후보 행동을 하나씩 독립 기록하고 가능하면 실제 송수신 경로와 함께 대조한다.,"무행동, 비슷한 다른 행동, 다른 모드/상태/빌드를 대조한다.",특정 행동과 필드 해석을 지지하는 사례와 반증 대조를 함께 확보하기 전에는 unknown을 유지한다. 미관측을 미사용/예약 코드로 단정하지 않는다.,vg-binary-event-candidates-2026-09-09.json (candidates opcode=0x045a)
0x045b,미명명 후보,처리 분기만 확인,True,004d4272,미분류·기록/빌드 차이,0,0,{},2134,,,분기 복사 크기·byte order helper·생성자 저장 위치를 근거에 보존; 필드 이름은 미확정,처리 분기 또는 native 이름만으로 목적·필드·통신 방향·사용 조건을 확정할 수 없음,V00,"모든 직접 호출과 serializer 역참조, RTTI/apply, 문자열·호출자를 조사한다. 관측 길이별로 비교하고 수신기 기본 경로인 경우 다른 방향/빌드를 먼저 확인한다.",대상 미명명 후보: 소비 경로로 행동 후보를 좁힌 다음 후보 행동을 하나씩 독립 기록하고 가능하면 실제 송수신 경로와 함께 대조한다.,"무행동, 비슷한 다른 행동, 다른 모드/상태/빌드를 대조한다.",특정 행동과 필드 해석을 지지하는 사례와 반증 대조를 함께 확보하기 전에는 unknown을 유지한다. 미관측을 미사용/예약 코드로 단정하지 않는다.,vg-binary-event-candidates-2026-09-09.json (candidates opcode=0x045b)
0x045c,미명명 후보,처리 분기만 확인,True,004d4443,미분류·기록/빌드 차이,771,51,"{""102"": 771}",96,,,분기 복사 크기·byte order helper·생성자 저장 위치를 근거에 보존; 필드 이름은 미확정,처리 분기 또는 native 이름만으로 목적·필드·통신 방향·사용 조건을 확정할 수 없음,V00,"모든 직접 호출과 serializer 역참조, RTTI/apply, 문자열·호출자를 조사한다. 관측 길이별로 비교하고 수신기 기본 경로인 경우 다른 방향/빌드를 먼저 확인한다.",대상 미명명 후보: 소비 경로로 행동 후보를 좁힌 다음 후보 행동을 하나씩 독립 기록하고 가능하면 실제 송수신 경로와 함께 대조한다.,"무행동, 비슷한 다른 행동, 다른 모드/상태/빌드를 대조한다.",특정 행동과 필드 해석을 지지하는 사례와 반증 대조를 함께 확보하기 전에는 unknown을 유지한다. 미관측을 미사용/예약 코드로 단정하지 않는다.,vg-binary-event-candidates-2026-09-09.json (candidates opcode=0x045c)
0x045d,미명명 패킷 후보,패킷 직렬화 경로 확인,False,,미분류·기록/빌드 차이,0,0,{},,,4,"고정 header의 u16 길이/opcode 상수와 payload 복사 크기, 공통 전달 함수 호출 확인; payload 의미와 기록 방향은 미확정",처리 분기 또는 native 이름만으로 목적·필드·통신 방향·사용 조건을 확정할 수 없음,V00,"모든 직접 호출과 serializer 역참조, RTTI/apply, 문자열·호출자를 조사한다. 관측 길이별로 비교하고 수신기 기본 경로인 경우 다른 방향/빌드를 먼저 확인한다.",대상 미명명 패킷 후보: 소비 경로로 행동 후보를 좁힌 다음 후보 행동을 하나씩 독립 기록하고 가능하면 실제 송수신 경로와 함께 대조한다.,"무행동, 비슷한 다른 행동, 다른 모드/상태/빌드를 대조한다.",특정 행동과 필드 해석을 지지하는 사례와 반증 대조를 함께 확보하기 전에는 unknown을 유지한다. 미관측을 미사용/예약 코드로 단정하지 않는다.,vg-binary-event-candidates-2026-09-09.json (candidates opcode=0x045d)
0x045e,미명명 패킷 후보,패킷 직렬화 경로 확인,False,,미분류·기록/빌드 차이,0,0,{},,,8,"고정 header의 u16 길이/opcode 상수와 payload 복사 크기, 공통 전달 함수 호출 확인; payload 의미와 기록 방향은 미확정",처리 분기 또는 native 이름만으로 목적·필드·통신 방향·사용 조건을 확정할 수 없음,V00,"모든 직접 호출과 serializer 역참조, RTTI/apply, 문자열·호출자를 조사한다. 관측 길이별로 비교하고 수신기 기본 경로인 경우 다른 방향/빌드를 먼저 확인한다.",대상 미명명 패킷 후보: 소비 경로로 행동 후보를 좁힌 다음 후보 행동을 하나씩 독립 기록하고 가능하면 실제 송수신 경로와 함께 대조한다.,"무행동, 비슷한 다른 행동, 다른 모드/상태/빌드를 대조한다.",특정 행동과 필드 해석을 지지하는 사례와 반증 대조를 함께 확보하기 전에는 unknown을 유지한다. 미관측을 미사용/예약 코드로 단정하지 않는다.,vg-binary-event-candidates-2026-09-09.json (candidates opcode=0x045e)
0x045f,미명명 패킷 후보,패킷 직렬화 경로 확인,False,,미분류·기록/빌드 차이,0,0,{},,,4,"고정 header의 u16 길이/opcode 상수와 payload 복사 크기, 공통 전달 함수 호출 확인; payload 의미와 기록 방향은 미확정",처리 분기 또는 native 이름만으로 목적·필드·통신 방향·사용 조건을 확정할 수 없음,V00,"모든 직접 호출과 serializer 역참조, RTTI/apply, 문자열·호출자를 조사한다. 관측 길이별로 비교하고 수신기 기본 경로인 경우 다른 방향/빌드를 먼저 확인한다.",대상 미명명 패킷 후보: 소비 경로로 행동 후보를 좁힌 다음 후보 행동을 하나씩 독립 기록하고 가능하면 실제 송수신 경로와 함께 대조한다.,"무행동, 비슷한 다른 행동, 다른 모드/상태/빌드를 대조한다.",특정 행동과 필드 해석을 지지하는 사례와 반증 대조를 함께 확보하기 전에는 unknown을 유지한다. 미관측을 미사용/예약 코드로 단정하지 않는다.,vg-binary-event-candidates-2026-09-09.json (candidates opcode=0x045f)
0x0461,미명명 패킷 후보,패킷 직렬화 경로 확인,False,,미분류·기록/빌드 차이,0,0,{},,,1,"고정 header의 u16 길이/opcode 상수와 payload 복사 크기, 공통 전달 함수 호출 확인; payload 의미와 기록 방향은 미확정",처리 분기 또는 native 이름만으로 목적·필드·통신 방향·사용 조건을 확정할 수 없음,V00,"모든 직접 호출과 serializer 역참조, RTTI/apply, 문자열·호출자를 조사한다. 관측 길이별로 비교하고 수신기 기본 경로인 경우 다른 방향/빌드를 먼저 확인한다.",대상 미명명 패킷 후보: 소비 경로로 행동 후보를 좁힌 다음 후보 행동을 하나씩 독립 기록하고 가능하면 실제 송수신 경로와 함께 대조한다.,"무행동, 비슷한 다른 행동, 다른 모드/상태/빌드를 대조한다.",특정 행동과 필드 해석을 지지하는 사례와 반증 대조를 함께 확보하기 전에는 unknown을 유지한다. 미관측을 미사용/예약 코드로 단정하지 않는다.,vg-binary-event-candidates-2026-09-09.json (candidates opcode=0x0461)
0x0462,미명명 패킷 후보,패킷 직렬화 경로 확인,False,,미분류·기록/빌드 차이,0,0,{},,,1,"고정 header의 u16 길이/opcode 상수와 payload 복사 크기, 공통 전달 함수 호출 확인; payload 의미와 기록 방향은 미확정",처리 분기 또는 native 이름만으로 목적·필드·통신 방향·사용 조건을 확정할 수 없음,V00,"모든 직접 호출과 serializer 역참조, RTTI/apply, 문자열·호출자를 조사한다. 관측 길이별로 비교하고 수신기 기본 경로인 경우 다른 방향/빌드를 먼저 확인한다.",대상 미명명 패킷 후보: 소비 경로로 행동 후보를 좁힌 다음 후보 행동을 하나씩 독립 기록하고 가능하면 실제 송수신 경로와 함께 대조한다.,"무행동, 비슷한 다른 행동, 다른 모드/상태/빌드를 대조한다.",특정 행동과 필드 해석을 지지하는 사례와 반증 대조를 함께 확보하기 전에는 unknown을 유지한다. 미관측을 미사용/예약 코드로 단정하지 않는다.,vg-binary-event-candidates-2026-09-09.json (candidates opcode=0x0462)
0x0463,미명명 패킷 후보,패킷 직렬화 경로 확인,False,,미분류·기록/빌드 차이,0,0,{},,,1,"고정 header의 u16 길이/opcode 상수와 payload 복사 크기, 공통 전달 함수 호출 확인; payload 의미와 기록 방향은 미확정",처리 분기 또는 native 이름만으로 목적·필드·통신 방향·사용 조건을 확정할 수 없음,V00,"모든 직접 호출과 serializer 역참조, RTTI/apply, 문자열·호출자를 조사한다. 관측 길이별로 비교하고 수신기 기본 경로인 경우 다른 방향/빌드를 먼저 확인한다.",대상 미명명 패킷 후보: 소비 경로로 행동 후보를 좁힌 다음 후보 행동을 하나씩 독립 기록하고 가능하면 실제 송수신 경로와 함께 대조한다.,"무행동, 비슷한 다른 행동, 다른 모드/상태/빌드를 대조한다.",특정 행동과 필드 해석을 지지하는 사례와 반증 대조를 함께 확보하기 전에는 unknown을 유지한다. 미관측을 미사용/예약 코드로 단정하지 않는다.,vg-binary-event-candidates-2026-09-09.json (candidates opcode=0x0463)
0x0464,미명명 패킷 후보,패킷 직렬화 경로 확인,False,,미분류·기록/빌드 차이,0,0,{},,,4,"고정 header의 u16 길이/opcode 상수와 payload 복사 크기, 공통 전달 함수 호출 확인; payload 의미와 기록 방향은 미확정",처리 분기 또는 native 이름만으로 목적·필드·통신 방향·사용 조건을 확정할 수 없음,V00,"모든 직접 호출과 serializer 역참조, RTTI/apply, 문자열·호출자를 조사한다. 관측 길이별로 비교하고 수신기 기본 경로인 경우 다른 방향/빌드를 먼저 확인한다.",대상 미명명 패킷 후보: 소비 경로로 행동 후보를 좁힌 다음 후보 행동을 하나씩 독립 기록하고 가능하면 실제 송수신 경로와 함께 대조한다.,"무행동, 비슷한 다른 행동, 다른 모드/상태/빌드를 대조한다.",특정 행동과 필드 해석을 지지하는 사례와 반증 대조를 함께 확보하기 전에는 unknown을 유지한다. 미관측을 미사용/예약 코드로 단정하지 않는다.,vg-binary-event-candidates-2026-09-09.json (candidates opcode=0x0464)
0x0465,미명명 패킷 후보,패킷 직렬화 경로 확인,False,,미분류·기록/빌드 차이,0,0,{},,,1,"고정 header의 u16 길이/opcode 상수와 payload 복사 크기, 공통 전달 함수 호출 확인; payload 의미와 기록 방향은 미확정",처리 분기 또는 native 이름만으로 목적·필드·통신 방향·사용 조건을 확정할 수 없음,V00,"모든 직접 호출과 serializer 역참조, RTTI/apply, 문자열·호출자를 조사한다. 관측 길이별로 비교하고 수신기 기본 경로인 경우 다른 방향/빌드를 먼저 확인한다.",대상 미명명 패킷 후보: 소비 경로로 행동 후보를 좁힌 다음 후보 행동을 하나씩 독립 기록하고 가능하면 실제 송수신 경로와 함께 대조한다.,"무행동, 비슷한 다른 행동, 다른 모드/상태/빌드를 대조한다.",특정 행동과 필드 해석을 지지하는 사례와 반증 대조를 함께 확보하기 전에는 unknown을 유지한다. 미관측을 미사용/예약 코드로 단정하지 않는다.,vg-binary-event-candidates-2026-09-09.json (candidates opcode=0x0465)
0x0466,미명명 패킷 후보,패킷 직렬화 경로 확인,False,,미분류·기록/빌드 차이,0,0,{},,,4,"고정 header의 u16 길이/opcode 상수와 payload 복사 크기, 공통 전달 함수 호출 확인; payload 의미와 기록 방향은 미확정",처리 분기 또는 native 이름만으로 목적·필드·통신 방향·사용 조건을 확정할 수 없음,V00,"모든 직접 호출과 serializer 역참조, RTTI/apply, 문자열·호출자를 조사한다. 관측 길이별로 비교하고 수신기 기본 경로인 경우 다른 방향/빌드를 먼저 확인한다.",대상 미명명 패킷 후보: 소비 경로로 행동 후보를 좁힌 다음 후보 행동을 하나씩 독립 기록하고 가능하면 실제 송수신 경로와 함께 대조한다.,"무행동, 비슷한 다른 행동, 다른 모드/상태/빌드를 대조한다.",특정 행동과 필드 해석을 지지하는 사례와 반증 대조를 함께 확보하기 전에는 unknown을 유지한다. 미관측을 미사용/예약 코드로 단정하지 않는다.,vg-binary-event-candidates-2026-09-09.json (candidates opcode=0x0466)
0x0467,미명명 패킷 후보,패킷 직렬화 경로 확인,False,,미분류·기록/빌드 차이,0,0,{},,,2,"고정 header의 u16 길이/opcode 상수와 payload 복사 크기, 공통 전달 함수 호출 확인; payload 의미와 기록 방향은 미확정",처리 분기 또는 native 이름만으로 목적·필드·통신 방향·사용 조건을 확정할 수 없음,V00,"모든 직접 호출과 serializer 역참조, RTTI/apply, 문자열·호출자를 조사한다. 관측 길이별로 비교하고 수신기 기본 경로인 경우 다른 방향/빌드를 먼저 확인한다.",대상 미명명 패킷 후보: 소비 경로로 행동 후보를 좁힌 다음 후보 행동을 하나씩 독립 기록하고 가능하면 실제 송수신 경로와 함께 대조한다.,"무행동, 비슷한 다른 행동, 다른 모드/상태/빌드를 대조한다.",특정 행동과 필드 해석을 지지하는 사례와 반증 대조를 함께 확보하기 전에는 unknown을 유지한다. 미관측을 미사용/예약 코드로 단정하지 않는다.,vg-binary-event-candidates-2026-09-09.json (candidates opcode=0x0467)
0x0468,미명명 패킷 후보,패킷 직렬화 경로 확인,False,,미분류·기록/빌드 차이,0,0,{},,,2,"고정 header의 u16 길이/opcode 상수와 payload 복사 크기, 공통 전달 함수 호출 확인; payload 의미와 기록 방향은 미확정",처리 분기 또는 native 이름만으로 목적·필드·통신 방향·사용 조건을 확정할 수 없음,V00,"모든 직접 호출과 serializer 역참조, RTTI/apply, 문자열·호출자를 조사한다. 관측 길이별로 비교하고 수신기 기본 경로인 경우 다른 방향/빌드를 먼저 확인한다.",대상 미명명 패킷 후보: 소비 경로로 행동 후보를 좁힌 다음 후보 행동을 하나씩 독립 기록하고 가능하면 실제 송수신 경로와 함께 대조한다.,"무행동, 비슷한 다른 행동, 다른 모드/상태/빌드를 대조한다.",특정 행동과 필드 해석을 지지하는 사례와 반증 대조를 함께 확보하기 전에는 unknown을 유지한다. 미관측을 미사용/예약 코드로 단정하지 않는다.,vg-binary-event-candidates-2026-09-09.json (candidates opcode=0x0468)
0x046b,미명명 패킷 후보,패킷 직렬화 경로 확인,False,,미분류·기록/빌드 차이,0,0,{},,,1,"고정 header의 u16 길이/opcode 상수와 payload 복사 크기, 공통 전달 함수 호출 확인; payload 의미와 기록 방향은 미확정",처리 분기 또는 native 이름만으로 목적·필드·통신 방향·사용 조건을 확정할 수 없음,V00,"모든 직접 호출과 serializer 역참조, RTTI/apply, 문자열·호출자를 조사한다. 관측 길이별로 비교하고 수신기 기본 경로인 경우 다른 방향/빌드를 먼저 확인한다.",대상 미명명 패킷 후보: 소비 경로로 행동 후보를 좁힌 다음 후보 행동을 하나씩 독립 기록하고 가능하면 실제 송수신 경로와 함께 대조한다.,"무행동, 비슷한 다른 행동, 다른 모드/상태/빌드를 대조한다.",특정 행동과 필드 해석을 지지하는 사례와 반증 대조를 함께 확보하기 전에는 unknown을 유지한다. 미관측을 미사용/예약 코드로 단정하지 않는다.,vg-binary-event-candidates-2026-09-09.json (candidates opcode=0x046b)
0x046c,미명명 후보,처리 분기만 확인,True,004d4374,미분류·기록/빌드 차이,0,0,{},1,,,분기 복사 크기·byte order helper·생성자 저장 위치를 근거에 보존; 필드 이름은 미확정,처리 분기 또는 native 이름만으로 목적·필드·통신 방향·사용 조건을 확정할 수 없음,V00,"모든 직접 호출과 serializer 역참조, RTTI/apply, 문자열·호출자를 조사한다. 관측 길이별로 비교하고 수신기 기본 경로인 경우 다른 방향/빌드를 먼저 확인한다.",대상 미명명 후보: 소비 경로로 행동 후보를 좁힌 다음 후보 행동을 하나씩 독립 기록하고 가능하면 실제 송수신 경로와 함께 대조한다.,"무행동, 비슷한 다른 행동, 다른 모드/상태/빌드를 대조한다.",특정 행동과 필드 해석을 지지하는 사례와 반증 대조를 함께 확보하기 전에는 unknown을 유지한다. 미관측을 미사용/예약 코드로 단정하지 않는다.,vg-binary-event-candidates-2026-09-09.json (candidates opcode=0x046c)
0x046d,미명명 패킷 후보,패킷 직렬화 경로 확인,False,,미분류·기록/빌드 차이,387,56,"{""6"": 387}",,,1,"고정 header의 u16 길이/opcode 상수와 payload 복사 크기, 공통 전달 함수 호출 확인; payload 의미와 기록 방향은 미확정",처리 분기 또는 native 이름만으로 목적·필드·통신 방향·사용 조건을 확정할 수 없음,V00,"모든 직접 호출과 serializer 역참조, RTTI/apply, 문자열·호출자를 조사한다. 관측 길이별로 비교하고 수신기 기본 경로인 경우 다른 방향/빌드를 먼저 확인한다.",대상 미명명 패킷 후보: 소비 경로로 행동 후보를 좁힌 다음 후보 행동을 하나씩 독립 기록하고 가능하면 실제 송수신 경로와 함께 대조한다.,"무행동, 비슷한 다른 행동, 다른 모드/상태/빌드를 대조한다.",특정 행동과 필드 해석을 지지하는 사례와 반증 대조를 함께 확보하기 전에는 unknown을 유지한다. 미관측을 미사용/예약 코드로 단정하지 않는다.,vg-binary-event-candidates-2026-09-09.json (candidates opcode=0x046d)
0x046e,미명명 패킷 후보,패킷 직렬화 경로 확인,False,,미분류·기록/빌드 차이,252,56,"{""6"": 252}",,,1,"고정 header의 u16 길이/opcode 상수와 payload 복사 크기, 공통 전달 함수 호출 확인; payload 의미와 기록 방향은 미확정",처리 분기 또는 native 이름만으로 목적·필드·통신 방향·사용 조건을 확정할 수 없음,V00,"모든 직접 호출과 serializer 역참조, RTTI/apply, 문자열·호출자를 조사한다. 관측 길이별로 비교하고 수신기 기본 경로인 경우 다른 방향/빌드를 먼저 확인한다.",대상 미명명 패킷 후보: 소비 경로로 행동 후보를 좁힌 다음 후보 행동을 하나씩 독립 기록하고 가능하면 실제 송수신 경로와 함께 대조한다.,"무행동, 비슷한 다른 행동, 다른 모드/상태/빌드를 대조한다.",특정 행동과 필드 해석을 지지하는 사례와 반증 대조를 함께 확보하기 전에는 unknown을 유지한다. 미관측을 미사용/예약 코드로 단정하지 않는다.,vg-binary-event-candidates-2026-09-09.json (candidates opcode=0x046e)
0x046f,69B 변형의 +64 BE float가 game clock인 경로 확인,기존 명명 소비 경로 근거,True,004d439b,경기·시계·튜토리얼·통계,7870,56,"{""69"": 7870}",69,,,69B 변형의 +64 BE float가 game clock인 경로 확인,outer record time과 UI time을 구별. 길이·빌드와 clock acceptance를 먼저 확인,V08,상태 getter/setter·queue·reason 분기와 이름이 있는 소비 경로를 추적한다. 같은 시각 후속 연산과 지원되지 않는 시계를 보존한다.,대상 69B 변형의 +64 BE float가 game clock인 경로 확인: 시작·준비·관전자 전환·튜토리얼 상태를 분리하고 정상 비항복 종료와 항복 종료를 각각 기록한다. 종료 직전 전투와 최종 화면도 함께 확보한다.,"종료 전 비슷한 시각의 대기, 무시/실패 reason, 지원되지 않는 모드와 시계 정지·재개를 대조한다.",해당 상태와 표시가 일치하고 동시각 후속 점수를 보존한다. 결과 화면으로 최종 수치를 확인하기 전 완료/보정 기준으로 승격하지 않는다.,vg-binary-event-candidates-2026-09-09.json (candidates opcode=0x046f)
0x0470,미명명 후보,처리 분기만 확인,True,004d44b8,미분류·기록/빌드 차이,8029,56,"{""1"": 7870, ""6"": 159}",1,,,분기 복사 크기·byte order helper·생성자 저장 위치를 근거에 보존; 필드 이름은 미확정,처리 분기 또는 native 이름만으로 목적·필드·통신 방향·사용 조건을 확정할 수 없음,V00,"모든 직접 호출과 serializer 역참조, RTTI/apply, 문자열·호출자를 조사한다. 관측 길이별로 비교하고 수신기 기본 경로인 경우 다른 방향/빌드를 먼저 확인한다.",대상 미명명 후보: 소비 경로로 행동 후보를 좁힌 다음 후보 행동을 하나씩 독립 기록하고 가능하면 실제 송수신 경로와 함께 대조한다.,"무행동, 비슷한 다른 행동, 다른 모드/상태/빌드를 대조한다.",특정 행동과 필드 해석을 지지하는 사례와 반증 대조를 함께 확보하기 전에는 unknown을 유지한다. 미관측을 미사용/예약 코드로 단정하지 않는다.,vg-binary-event-candidates-2026-09-09.json (candidates opcode=0x0470)
0x0471,미명명 패킷 후보,처리 분기만 확인,True,004d44fc,미분류·기록/빌드 차이,212,53,"{""6"": 212}",5,,5,분기 복사 크기·byte order helper·생성자 저장 위치를 근거에 보존; 필드 이름은 미확정,처리 분기 또는 native 이름만으로 목적·필드·통신 방향·사용 조건을 확정할 수 없음,V00,"모든 직접 호출과 serializer 역참조, RTTI/apply, 문자열·호출자를 조사한다. 관측 길이별로 비교하고 수신기 기본 경로인 경우 다른 방향/빌드를 먼저 확인한다.",대상 미명명 패킷 후보: 소비 경로로 행동 후보를 좁힌 다음 후보 행동을 하나씩 독립 기록하고 가능하면 실제 송수신 경로와 함께 대조한다.,"무행동, 비슷한 다른 행동, 다른 모드/상태/빌드를 대조한다.",특정 행동과 필드 해석을 지지하는 사례와 반증 대조를 함께 확보하기 전에는 unknown을 유지한다. 미관측을 미사용/예약 코드로 단정하지 않는다.,vg-binary-event-candidates-2026-09-09.json (candidates opcode=0x0471)
0x0472,ActionSetSurrenderStateRequest,요청 직렬화 클래스 연결,False,,경기·시계·튜토리얼·통계,0,0,{},,1,1,요청 formatter의 opcode 상수와 직렬화 payload 길이 확인: 1B. 바깥 VGR framing과 구별,요청 생성/전송과 서버 수락·실제 행동 성공은 별개. 변형 조건: 추가 변형 조건 미기재,V08,상태 getter/setter·queue·reason 분기와 이름이 있는 소비 경로를 추적한다. 같은 시각 후속 연산과 지원되지 않는 시계를 보존한다.,대상 ActionSetSurrenderStateRequest: 시작·준비·관전자 전환·튜토리얼 상태를 분리하고 정상 비항복 종료와 항복 종료를 각각 기록한다. 종료 직전 전투와 최종 화면도 함께 확보한다. 실제 송신 bytes와 수신/리플레이 방향을 독립 확인한다.,"종료 전 비슷한 시각의 대기, 무시/실패 reason, 지원되지 않는 모드와 시계 정지·재개를 대조한다.",해당 상태와 표시가 일치하고 동시각 후속 점수를 보존한다. 결과 화면으로 최종 수치를 확인하기 전 완료/보정 기준으로 승격하지 않는다.,vg-binary-event-candidates-2026-09-09.json (candidates opcode=0x0472)
0x0473,ActionTeamSurrenderStateChanged,클래스명 연결,True,004d47b4,경기·시계·튜토리얼·통계,0,0,{},151,,,분기 복사 크기·byte order helper·생성자 저장 위치를 근거에 보존; 필드 이름은 미확정,수신·큐 적용·경기 상태·화면 표시·최종 집계 고정은 별개이며 outer timestamp는 UI 시계가 아님,V08,상태 getter/setter·queue·reason 분기와 이름이 있는 소비 경로를 추적한다. 같은 시각 후속 연산과 지원되지 않는 시계를 보존한다.,대상 ActionTeamSurrenderStateChanged: 시작·준비·관전자 전환·튜토리얼 상태를 분리하고 정상 비항복 종료와 항복 종료를 각각 기록한다. 종료 직전 전투와 최종 화면도 함께 확보한다.,"종료 전 비슷한 시각의 대기, 무시/실패 reason, 지원되지 않는 모드와 시계 정지·재개를 대조한다.",해당 상태와 표시가 일치하고 동시각 후속 점수를 보존한다. 결과 화면으로 최종 수치를 확인하기 전 완료/보정 기준으로 승격하지 않는다.,vg-binary-event-candidates-2026-09-09.json (candidates opcode=0x0473)
0x0474,ActionSpectatorExitMatchRequest,요청 직렬화 클래스 연결,False,,경기·시계·튜토리얼·통계,0,0,{},,1,1,요청 formatter의 opcode 상수와 직렬화 payload 길이 확인: 1B. 바깥 VGR framing과 구별,요청 생성/전송과 서버 수락·실제 행동 성공은 별개. 변형 조건: slot4 is thunk_FUN_0095c2d0,V08,상태 getter/setter·queue·reason 분기와 이름이 있는 소비 경로를 추적한다. 같은 시각 후속 연산과 지원되지 않는 시계를 보존한다.,대상 ActionSpectatorExitMatchRequest: 시작·준비·관전자 전환·튜토리얼 상태를 분리하고 정상 비항복 종료와 항복 종료를 각각 기록한다. 종료 직전 전투와 최종 화면도 함께 확보한다. 실제 송신 bytes와 수신/리플레이 방향을 독립 확인한다.,"종료 전 비슷한 시각의 대기, 무시/실패 reason, 지원되지 않는 모드와 시계 정지·재개를 대조한다.",해당 상태와 표시가 일치하고 동시각 후속 점수를 보존한다. 결과 화면으로 최종 수치를 확인하기 전 완료/보정 기준으로 승격하지 않는다.,vg-binary-event-candidates-2026-09-09.json (candidates opcode=0x0474)
0x0475,ActionPauseTutorial,클래스명 연결,True,004d4891,경기·시계·튜토리얼·통계,0,0,{},4,,4,분기 복사 크기·byte order helper·생성자 저장 위치를 근거에 보존; 필드 이름은 미확정,수신·큐 적용·경기 상태·화면 표시·최종 집계 고정은 별개이며 outer timestamp는 UI 시계가 아님,V08,상태 getter/setter·queue·reason 분기와 이름이 있는 소비 경로를 추적한다. 같은 시각 후속 연산과 지원되지 않는 시계를 보존한다.,대상 ActionPauseTutorial: 시작·준비·관전자 전환·튜토리얼 상태를 분리하고 정상 비항복 종료와 항복 종료를 각각 기록한다. 종료 직전 전투와 최종 화면도 함께 확보한다.,"종료 전 비슷한 시각의 대기, 무시/실패 reason, 지원되지 않는 모드와 시계 정지·재개를 대조한다.",해당 상태와 표시가 일치하고 동시각 후속 점수를 보존한다. 결과 화면으로 최종 수치를 확인하기 전 완료/보정 기준으로 승격하지 않는다.,vg-binary-event-candidates-2026-09-09.json (candidates opcode=0x0475)
0x0476,ActionSetSimulationSpeed,클래스명 연결,True,004d48e6,경기·시계·튜토리얼·통계,0,0,{},4,,,분기 복사 크기·byte order helper·생성자 저장 위치를 근거에 보존; 필드 이름은 미확정,수신·큐 적용·경기 상태·화면 표시·최종 집계 고정은 별개이며 outer timestamp는 UI 시계가 아님,V08,상태 getter/setter·queue·reason 분기와 이름이 있는 소비 경로를 추적한다. 같은 시각 후속 연산과 지원되지 않는 시계를 보존한다.,대상 ActionSetSimulationSpeed: 시작·준비·관전자 전환·튜토리얼 상태를 분리하고 정상 비항복 종료와 항복 종료를 각각 기록한다. 종료 직전 전투와 최종 화면도 함께 확보한다.,"종료 전 비슷한 시각의 대기, 무시/실패 reason, 지원되지 않는 모드와 시계 정지·재개를 대조한다.",해당 상태와 표시가 일치하고 동시각 후속 점수를 보존한다. 결과 화면으로 최종 수치를 확인하기 전 완료/보정 기준으로 승격하지 않는다.,vg-binary-event-candidates-2026-09-09.json (candidates opcode=0x0476)
0x0477,ActionSetPlayerAsSpectator,클래스명 연결,True,004d494b,경기·시계·튜토리얼·통계,0,0,{},5,,,분기 복사 크기·byte order helper·생성자 저장 위치를 근거에 보존; 필드 이름은 미확정,수신·큐 적용·경기 상태·화면 표시·최종 집계 고정은 별개이며 outer timestamp는 UI 시계가 아님,V08,상태 getter/setter·queue·reason 분기와 이름이 있는 소비 경로를 추적한다. 같은 시각 후속 연산과 지원되지 않는 시계를 보존한다.,대상 ActionSetPlayerAsSpectator: 시작·준비·관전자 전환·튜토리얼 상태를 분리하고 정상 비항복 종료와 항복 종료를 각각 기록한다. 종료 직전 전투와 최종 화면도 함께 확보한다.,"종료 전 비슷한 시각의 대기, 무시/실패 reason, 지원되지 않는 모드와 시계 정지·재개를 대조한다.",해당 상태와 표시가 일치하고 동시각 후속 점수를 보존한다. 결과 화면으로 최종 수치를 확인하기 전 완료/보정 기준으로 승격하지 않는다.,vg-binary-event-candidates-2026-09-09.json (candidates opcode=0x0477)
0x0478,ActionSetMinimapSpawnPhase_Client,클래스명 연결,True,004d3d2f,시야·팀·목표물·어그로,6715,56,"{""14"": 6715}",9,,,분기 복사 크기·byte order helper·생성자 저장 위치를 근거에 보존; 필드 이름은 미확정,개체 종류·소유 팀·시야 수신자·원시 source·처치 인정자·보상 수신자는 별개임,V07,"manifest/kind와 팀 조회, visibility bit/mask, 어그로 대상, 소유 변경과 팀 보상 소비 경로를 연결한다.",대상 ActionSetMinimapSpawnPhase_Client: 수풀/시야 경계 진입·이탈과 어그로 변경을 관측한다. 목표물은 터렛·크리스탈·대형 몬스터를 종류별로 하나씩 양 팀 관점에서 비교한다.,"피해만 주고 미처치, 다른 팀 처치, 시야 밖, 포획 없는 소멸을 대조한다.",종류·팀·수신 범위와 처치/포획/소유권/재등장이 일치하고 원시 source를 최종 보상 귀속으로 단정하지 않는다.,vg-binary-event-candidates-2026-09-09.json (candidates opcode=0x0478)
0x0479,미명명 후보,처리 분기만 확인,True,004d499d,미분류·기록/빌드 차이,0,0,{},66,,,분기 복사 크기·byte order helper·생성자 저장 위치를 근거에 보존; 필드 이름은 미확정,처리 분기 또는 native 이름만으로 목적·필드·통신 방향·사용 조건을 확정할 수 없음,V00,"모든 직접 호출과 serializer 역참조, RTTI/apply, 문자열·호출자를 조사한다. 관측 길이별로 비교하고 수신기 기본 경로인 경우 다른 방향/빌드를 먼저 확인한다.",대상 미명명 후보: 소비 경로로 행동 후보를 좁힌 다음 후보 행동을 하나씩 독립 기록하고 가능하면 실제 송수신 경로와 함께 대조한다.,"무행동, 비슷한 다른 행동, 다른 모드/상태/빌드를 대조한다.",특정 행동과 필드 해석을 지지하는 사례와 반증 대조를 함께 확보하기 전에는 unknown을 유지한다. 미관측을 미사용/예약 코드로 단정하지 않는다.,vg-binary-event-candidates-2026-09-09.json (candidates opcode=0x0479)
0x047a,미명명 후보,처리 분기만 확인,True,004d4a5b,미분류·기록/빌드 차이,0,0,{},1,,,분기 복사 크기·byte order helper·생성자 저장 위치를 근거에 보존; 필드 이름은 미확정,처리 분기 또는 native 이름만으로 목적·필드·통신 방향·사용 조건을 확정할 수 없음,V00,"모든 직접 호출과 serializer 역참조, RTTI/apply, 문자열·호출자를 조사한다. 관측 길이별로 비교하고 수신기 기본 경로인 경우 다른 방향/빌드를 먼저 확인한다.",대상 미명명 후보: 소비 경로로 행동 후보를 좁힌 다음 후보 행동을 하나씩 독립 기록하고 가능하면 실제 송수신 경로와 함께 대조한다.,"무행동, 비슷한 다른 행동, 다른 모드/상태/빌드를 대조한다.",특정 행동과 필드 해석을 지지하는 사례와 반증 대조를 함께 확보하기 전에는 unknown을 유지한다. 미관측을 미사용/예약 코드로 단정하지 않는다.,vg-binary-event-candidates-2026-09-09.json (candidates opcode=0x047a)
0x047b,미명명 패킷 후보,패킷 직렬화 경로 확인,False,,미분류·기록/빌드 차이,0,0,{},,,1,"고정 header의 u16 길이/opcode 상수와 payload 복사 크기, 공통 전달 함수 호출 확인; payload 의미와 기록 방향은 미확정",처리 분기 또는 native 이름만으로 목적·필드·통신 방향·사용 조건을 확정할 수 없음,V00,"모든 직접 호출과 serializer 역참조, RTTI/apply, 문자열·호출자를 조사한다. 관측 길이별로 비교하고 수신기 기본 경로인 경우 다른 방향/빌드를 먼저 확인한다.",대상 미명명 패킷 후보: 소비 경로로 행동 후보를 좁힌 다음 후보 행동을 하나씩 독립 기록하고 가능하면 실제 송수신 경로와 함께 대조한다.,"무행동, 비슷한 다른 행동, 다른 모드/상태/빌드를 대조한다.",특정 행동과 필드 해석을 지지하는 사례와 반증 대조를 함께 확보하기 전에는 unknown을 유지한다. 미관측을 미사용/예약 코드로 단정하지 않는다.,vg-binary-event-candidates-2026-09-09.json (candidates opcode=0x047b)
0x047c,미명명 후보,처리 분기만 확인,True,004d4a72,미분류·기록/빌드 차이,0,0,{},1,,,분기 복사 크기·byte order helper·생성자 저장 위치를 근거에 보존; 필드 이름은 미확정,처리 분기 또는 native 이름만으로 목적·필드·통신 방향·사용 조건을 확정할 수 없음,V00,"모든 직접 호출과 serializer 역참조, RTTI/apply, 문자열·호출자를 조사한다. 관측 길이별로 비교하고 수신기 기본 경로인 경우 다른 방향/빌드를 먼저 확인한다.",대상 미명명 후보: 소비 경로로 행동 후보를 좁힌 다음 후보 행동을 하나씩 독립 기록하고 가능하면 실제 송수신 경로와 함께 대조한다.,"무행동, 비슷한 다른 행동, 다른 모드/상태/빌드를 대조한다.",특정 행동과 필드 해석을 지지하는 사례와 반증 대조를 함께 확보하기 전에는 unknown을 유지한다. 미관측을 미사용/예약 코드로 단정하지 않는다.,vg-binary-event-candidates-2026-09-09.json (candidates opcode=0x047c)
0x047d,ActionTutorialStateChangedResponse,클래스명 연결,True,004d4aaa,경기·시계·튜토리얼·통계,0,0,{},4,,,분기 복사 크기·byte order helper·생성자 저장 위치를 근거에 보존; 필드 이름은 미확정,수신·큐 적용·경기 상태·화면 표시·최종 집계 고정은 별개이며 outer timestamp는 UI 시계가 아님,V08,상태 getter/setter·queue·reason 분기와 이름이 있는 소비 경로를 추적한다. 같은 시각 후속 연산과 지원되지 않는 시계를 보존한다.,대상 ActionTutorialStateChangedResponse: 시작·준비·관전자 전환·튜토리얼 상태를 분리하고 정상 비항복 종료와 항복 종료를 각각 기록한다. 종료 직전 전투와 최종 화면도 함께 확보한다.,"종료 전 비슷한 시각의 대기, 무시/실패 reason, 지원되지 않는 모드와 시계 정지·재개를 대조한다.",해당 상태와 표시가 일치하고 동시각 후속 점수를 보존한다. 결과 화면으로 최종 수치를 확인하기 전 완료/보정 기준으로 승격하지 않는다.,vg-binary-event-candidates-2026-09-09.json (candidates opcode=0x047d)
0x047e,ActionStateChange_Client,클래스명 연결,True,004d4af0,경기·시계·튜토리얼·통계,0,0,{},8,,,분기 복사 크기·byte order helper·생성자 저장 위치를 근거에 보존; 필드 이름은 미확정,수신·큐 적용·경기 상태·화면 표시·최종 집계 고정은 별개이며 outer timestamp는 UI 시계가 아님,V08,상태 getter/setter·queue·reason 분기와 이름이 있는 소비 경로를 추적한다. 같은 시각 후속 연산과 지원되지 않는 시계를 보존한다.,대상 ActionStateChange_Client: 시작·준비·관전자 전환·튜토리얼 상태를 분리하고 정상 비항복 종료와 항복 종료를 각각 기록한다. 종료 직전 전투와 최종 화면도 함께 확보한다.,"종료 전 비슷한 시각의 대기, 무시/실패 reason, 지원되지 않는 모드와 시계 정지·재개를 대조한다.",해당 상태와 표시가 일치하고 동시각 후속 점수를 보존한다. 결과 화면으로 최종 수치를 확인하기 전 완료/보정 기준으로 승격하지 않는다.,vg-binary-event-candidates-2026-09-09.json (candidates opcode=0x047e)
0x047f,미명명 후보,처리 분기만 확인,True,004d4b47,미분류·기록/빌드 차이,0,0,{},4,,,분기 복사 크기·byte order helper·생성자 저장 위치를 근거에 보존; 필드 이름은 미확정,처리 분기 또는 native 이름만으로 목적·필드·통신 방향·사용 조건을 확정할 수 없음,V00,"모든 직접 호출과 serializer 역참조, RTTI/apply, 문자열·호출자를 조사한다. 관측 길이별로 비교하고 수신기 기본 경로인 경우 다른 방향/빌드를 먼저 확인한다.",대상 미명명 후보: 소비 경로로 행동 후보를 좁힌 다음 후보 행동을 하나씩 독립 기록하고 가능하면 실제 송수신 경로와 함께 대조한다.,"무행동, 비슷한 다른 행동, 다른 모드/상태/빌드를 대조한다.",특정 행동과 필드 해석을 지지하는 사례와 반증 대조를 함께 확보하기 전에는 unknown을 유지한다. 미관측을 미사용/예약 코드로 단정하지 않는다.,vg-binary-event-candidates-2026-09-09.json (candidates opcode=0x047f)
0x0480,미명명 후보,처리 분기만 확인,True,004d4d42,미분류·기록/빌드 차이,0,0,{},82,,,분기 복사 크기·byte order helper·생성자 저장 위치를 근거에 보존; 필드 이름은 미확정,처리 분기 또는 native 이름만으로 목적·필드·통신 방향·사용 조건을 확정할 수 없음,V00,"모든 직접 호출과 serializer 역참조, RTTI/apply, 문자열·호출자를 조사한다. 관측 길이별로 비교하고 수신기 기본 경로인 경우 다른 방향/빌드를 먼저 확인한다.",대상 미명명 후보: 소비 경로로 행동 후보를 좁힌 다음 후보 행동을 하나씩 독립 기록하고 가능하면 실제 송수신 경로와 함께 대조한다.,"무행동, 비슷한 다른 행동, 다른 모드/상태/빌드를 대조한다.",특정 행동과 필드 해석을 지지하는 사례와 반증 대조를 함께 확보하기 전에는 unknown을 유지한다. 미관측을 미사용/예약 코드로 단정하지 않는다.,vg-binary-event-candidates-2026-09-09.json (candidates opcode=0x0480)
0x0481,ActionEquipTalent,클래스명 연결,True,004d02c3,아이템·인벤토리·재능·빌드,2,2,"{""6"": 2}",6,,6,분기 복사 크기·byte order helper·생성자 저장 위치를 근거에 보존; 필드 이름은 미확정,구매 요청·허용/거절·지급·조합 소비·사용·판매·슬롯 이동·재능 장착의 필드를 구별해야 함,V06,"item/talent/slot/stack/recipe 참조와 생성자→apply, 금액 차감·지급·거절 사유 소비 경로를 추적한다.",대상 ActionEquipTalent: 부품 구매→조합→판매→소모품 사용→슬롯 이동을 각각 분리한다. 재능과 추천 빌드는 지원 모드에서 장착/해제/변경한다.,돈 부족·슬롯 가득·상점 밖·쿨다운 중 사용·잘못된 재능 모드의 거절을 대조한다.,아이템/슬롯/수량과 실제 인벤토리·금액 변화가 일치하며 요청/지급/소비/거절을 중복 집계하지 않는다.,vg-binary-event-candidates-2026-09-09.json (candidates opcode=0x0481)
0x0482,ActionUnequipTalent,클래스명 연결,True,004d0321,아이템·인벤토리·재능·빌드,0,0,{},4,,4,분기 복사 크기·byte order helper·생성자 저장 위치를 근거에 보존; 필드 이름은 미확정,구매 요청·허용/거절·지급·조합 소비·사용·판매·슬롯 이동·재능 장착의 필드를 구별해야 함,V06,"item/talent/slot/stack/recipe 참조와 생성자→apply, 금액 차감·지급·거절 사유 소비 경로를 추적한다.",대상 ActionUnequipTalent: 부품 구매→조합→판매→소모품 사용→슬롯 이동을 각각 분리한다. 재능과 추천 빌드는 지원 모드에서 장착/해제/변경한다.,돈 부족·슬롯 가득·상점 밖·쿨다운 중 사용·잘못된 재능 모드의 거절을 대조한다.,아이템/슬롯/수량과 실제 인벤토리·금액 변화가 일치하며 요청/지급/소비/거절을 중복 집계하지 않는다.,vg-binary-event-candidates-2026-09-09.json (candidates opcode=0x0482)
0x0483,ActionInvalidateTalent,클래스명 연결,True,004d036e,아이템·인벤토리·재능·빌드,0,0,{},4,,4,분기 복사 크기·byte order helper·생성자 저장 위치를 근거에 보존; 필드 이름은 미확정,구매 요청·허용/거절·지급·조합 소비·사용·판매·슬롯 이동·재능 장착의 필드를 구별해야 함,V06,"item/talent/slot/stack/recipe 참조와 생성자→apply, 금액 차감·지급·거절 사유 소비 경로를 추적한다.",대상 ActionInvalidateTalent: 부품 구매→조합→판매→소모품 사용→슬롯 이동을 각각 분리한다. 재능과 추천 빌드는 지원 모드에서 장착/해제/변경한다.,돈 부족·슬롯 가득·상점 밖·쿨다운 중 사용·잘못된 재능 모드의 거절을 대조한다.,아이템/슬롯/수량과 실제 인벤토리·금액 변화가 일치하며 요청/지급/소비/거절을 중복 집계하지 않는다.,vg-binary-event-candidates-2026-09-09.json (candidates opcode=0x0483)
0x0484,ActionRequestEquipTalent,요청 직렬화 클래스 연결,False,,아이템·인벤토리·재능·빌드,2,2,"{""6"": 2}",,4,4,요청 formatter의 opcode 상수와 직렬화 payload 길이 확인: 4B. 바깥 VGR framing과 구별,요청 생성/전송과 서버 수락·실제 행동 성공은 별개. 변형 조건: 추가 변형 조건 미기재,V06,"item/talent/slot/stack/recipe 참조와 생성자→apply, 금액 차감·지급·거절 사유 소비 경로를 추적한다.",대상 ActionRequestEquipTalent: 부품 구매→조합→판매→소모품 사용→슬롯 이동을 각각 분리한다. 재능과 추천 빌드는 지원 모드에서 장착/해제/변경한다. 실제 송신 bytes와 수신/리플레이 방향을 독립 확인한다.,돈 부족·슬롯 가득·상점 밖·쿨다운 중 사용·잘못된 재능 모드의 거절을 대조한다.,아이템/슬롯/수량과 실제 인벤토리·금액 변화가 일치하며 요청/지급/소비/거절을 중복 집계하지 않는다.,vg-binary-event-candidates-2026-09-09.json (candidates opcode=0x0484)
0x0485,ActionRequestRecommendedBuildPath,요청 직렬화 클래스 연결,False,,아이템·인벤토리·재능·빌드,465,54,"{""6"": 465}",,1,1,요청 formatter의 opcode 상수와 직렬화 payload 길이 확인: 1B. 바깥 VGR framing과 구별,요청 생성/전송과 서버 수락·실제 행동 성공은 별개. 변형 조건: 추가 변형 조건 미기재,V06,"item/talent/slot/stack/recipe 참조와 생성자→apply, 금액 차감·지급·거절 사유 소비 경로를 추적한다.",대상 ActionRequestRecommendedBuildPath: 부품 구매→조합→판매→소모품 사용→슬롯 이동을 각각 분리한다. 재능과 추천 빌드는 지원 모드에서 장착/해제/변경한다. 실제 송신 bytes와 수신/리플레이 방향을 독립 확인한다.,돈 부족·슬롯 가득·상점 밖·쿨다운 중 사용·잘못된 재능 모드의 거절을 대조한다.,아이템/슬롯/수량과 실제 인벤토리·금액 변화가 일치하며 요청/지급/소비/거절을 중복 집계하지 않는다.,vg-binary-event-candidates-2026-09-09.json (candidates opcode=0x0485)
0x0486,ActionRequestLevelLogicEvent_Client,요청 직렬화 클래스 연결,False,,미분류·기록/빌드 차이,0,0,{},,4,4,요청 formatter의 opcode 상수와 직렬화 payload 길이 확인: 4B. 바깥 VGR framing과 구별,요청 생성/전송과 서버 수락·실제 행동 성공은 별개. 변형 조건: 추가 변형 조건 미기재,V00,"모든 직접 호출과 serializer 역참조, RTTI/apply, 문자열·호출자를 조사한다. 관측 길이별로 비교하고 수신기 기본 경로인 경우 다른 방향/빌드를 먼저 확인한다.",대상 ActionRequestLevelLogicEvent_Client: 소비 경로로 행동 후보를 좁힌 다음 후보 행동을 하나씩 독립 기록하고 가능하면 실제 송수신 경로와 함께 대조한다. 실제 송신 bytes와 수신/리플레이 방향을 독립 확인한다.,"무행동, 비슷한 다른 행동, 다른 모드/상태/빌드를 대조한다.",특정 행동과 필드 해석을 지지하는 사례와 반증 대조를 함께 확보하기 전에는 unknown을 유지한다. 미관측을 미사용/예약 코드로 단정하지 않는다.,vg-binary-event-candidates-2026-09-09.json (candidates opcode=0x0486)
0x0487,ActionSetBuildPath,클래스명 연결,True,004d4bd8,아이템·인벤토리·재능·빌드,0,0,{},99,,,분기 복사 크기·byte order helper·생성자 저장 위치를 근거에 보존; 필드 이름은 미확정,구매 요청·허용/거절·지급·조합 소비·사용·판매·슬롯 이동·재능 장착의 필드를 구별해야 함,V06,"item/talent/slot/stack/recipe 참조와 생성자→apply, 금액 차감·지급·거절 사유 소비 경로를 추적한다.",대상 ActionSetBuildPath: 부품 구매→조합→판매→소모품 사용→슬롯 이동을 각각 분리한다. 재능과 추천 빌드는 지원 모드에서 장착/해제/변경한다.,돈 부족·슬롯 가득·상점 밖·쿨다운 중 사용·잘못된 재능 모드의 거절을 대조한다.,아이템/슬롯/수량과 실제 인벤토리·금액 변화가 일치하며 요청/지급/소비/거절을 중복 집계하지 않는다.,vg-binary-event-candidates-2026-09-09.json (candidates opcode=0x0487)
0x0488,ActionSetRecommendedBuildPath,클래스명 연결,True,004d4c78,아이템·인벤토리·재능·빌드,543,56,"{""6"": 543}",5,,,분기 복사 크기·byte order helper·생성자 저장 위치를 근거에 보존; 필드 이름은 미확정,구매 요청·허용/거절·지급·조합 소비·사용·판매·슬롯 이동·재능 장착의 필드를 구별해야 함,V06,"item/talent/slot/stack/recipe 참조와 생성자→apply, 금액 차감·지급·거절 사유 소비 경로를 추적한다.",대상 ActionSetRecommendedBuildPath: 부품 구매→조합→판매→소모품 사용→슬롯 이동을 각각 분리한다. 재능과 추천 빌드는 지원 모드에서 장착/해제/변경한다.,돈 부족·슬롯 가득·상점 밖·쿨다운 중 사용·잘못된 재능 모드의 거절을 대조한다.,아이템/슬롯/수량과 실제 인벤토리·금액 변화가 일치하며 요청/지급/소비/거절을 중복 집계하지 않는다.,vg-binary-event-candidates-2026-09-09.json (candidates opcode=0x0488)
0x0489,ActionSyncAbilityBehavior,클래스명 연결,True,004d4db0,능력·공격·체력·투사체,0,0,{},10,,10,분기 복사 크기·byte order helper·생성자 저장 위치를 근거에 보존; 필드 이름은 미확정,"요청·시전·적중·효과·취소, 공격자·소유자·대상, 피해와 회복·보호막을 구별해야 함",V03,"생성자→apply의 참조와 ability/projectile 정의, HP 처리·쿨다운·charge 소비 경로를 추적한다.",대상 ActionSyncAbilityBehavior: 기본 공격과 A/B/C를 각각 단독 사용하고 헛발·적중·취소를 분리한다. 체력 관련 후보는 단일 피해·회복·보호막을 따로 비교한다.,"무행동, 범위 밖, 쿨다운 중 재입력, 빗나간 투사체를 대조한다.",서로 다른 영웅 2종 이상에서 개체·능력·단계가 일치하고 실패 요청을 성공 시전/적중으로 세지 않는다.,vg-binary-event-candidates-2026-09-09.json (candidates opcode=0x0489)
0x048a,ActionSyncCooldown_Client,클래스명 연결,True,004d4e16,능력·공격·체력·투사체,971766,56,"{""22"": 971766}",22,,,분기 복사 크기·byte order helper·생성자 저장 위치를 근거에 보존; 필드 이름은 미확정,"요청·시전·적중·효과·취소, 공격자·소유자·대상, 피해와 회복·보호막을 구별해야 함",V03,"생성자→apply의 참조와 ability/projectile 정의, HP 처리·쿨다운·charge 소비 경로를 추적한다.",대상 ActionSyncCooldown_Client: 기본 공격과 A/B/C를 각각 단독 사용하고 헛발·적중·취소를 분리한다. 체력 관련 후보는 단일 피해·회복·보호막을 따로 비교한다.,"무행동, 범위 밖, 쿨다운 중 재입력, 빗나간 투사체를 대조한다.",서로 다른 영웅 2종 이상에서 개체·능력·단계가 일치하고 실패 요청을 성공 시전/적중으로 세지 않는다.,vg-binary-event-candidates-2026-09-09.json (candidates opcode=0x048a)
0x048b,ActionModifyBuffVar,클래스명 연결,True,004d38ad,버프·스택·장판,586,3,"{""30"": 586}",29,,29,분기 복사 크기·byte order helper·생성자 저장 위치를 근거에 보존; 필드 이름은 미확정,부여·스택 변경·변수 변경·해제·자연 만료와 장판의 생성/제거를 구별해야 함,V04,"buff/zone 정의 ID와 대상 조회, duration·stack·mask·variable setter 및 종료 경로를 추적한다.",대상 ActionModifyBuffVar: 동일 버프를 한 번 부여한 뒤 재부여·중첩·강제 해제·자연 만료를 각각 기록한다. 장판은 진입과 이탈을 분리한다.,"대상 밖, 면역 상태, 스택 상한 도달, 같은 효과의 갱신을 대조한다.",버프 ID·대상·스택·남은 시간과 종료 이유가 일치하고 갱신을 신규 효과나 처치로 중복 집계하지 않는다.,vg-binary-event-candidates-2026-09-09.json (candidates opcode=0x048b)
0x048c,ActionSendAggroState_Client,클래스명 연결,True,004d4cc4,시야·팀·목표물·어그로,27235,56,"{""14"": 27235}",8,,,분기 복사 크기·byte order helper·생성자 저장 위치를 근거에 보존; 필드 이름은 미확정,개체 종류·소유 팀·시야 수신자·원시 source·처치 인정자·보상 수신자는 별개임,V07,"manifest/kind와 팀 조회, visibility bit/mask, 어그로 대상, 소유 변경과 팀 보상 소비 경로를 연결한다.",대상 ActionSendAggroState_Client: 수풀/시야 경계 진입·이탈과 어그로 변경을 관측한다. 목표물은 터렛·크리스탈·대형 몬스터를 종류별로 하나씩 양 팀 관점에서 비교한다.,"피해만 주고 미처치, 다른 팀 처치, 시야 밖, 포획 없는 소멸을 대조한다.",종류·팀·수신 범위와 처치/포획/소유권/재등장이 일치하고 원시 source를 최종 보상 귀속으로 단정하지 않는다.,vg-binary-event-candidates-2026-09-09.json (candidates opcode=0x048c)
0x048d,"1612B 누적 통계 구조, 피해·아이템·팀 통계의 명명 소비 경로",기존 명명 소비 경로 근거,True,004d4ee8,경기·시계·튜토리얼·통계,55,55,"{""1614"": 55}",1612,,,"1612B 누적 통계 구조, 피해·아이템·팀 통계의 명명 소비 경로",개별 피해/처치 이벤트나 직접 최종 KDA 패킷이 아님. 필드별 단위·결과 화면 대조 필요,V08,상태 getter/setter·queue·reason 분기와 이름이 있는 소비 경로를 추적한다. 같은 시각 후속 연산과 지원되지 않는 시계를 보존한다.,"대상 1612B 누적 통계 구조, 피해·아이템·팀 통계의 명명 소비 경로: 시작·준비·관전자 전환·튜토리얼 상태를 분리하고 정상 비항복 종료와 항복 종료를 각각 기록한다. 종료 직전 전투와 최종 화면도 함께 확보한다.","종료 전 비슷한 시각의 대기, 무시/실패 reason, 지원되지 않는 모드와 시계 정지·재개를 대조한다.",해당 상태와 표시가 일치하고 동시각 후속 점수를 보존한다. 결과 화면으로 최종 수치를 확인하기 전 완료/보정 기준으로 승격하지 않는다.,vg-binary-event-candidates-2026-09-09.json (candidates opcode=0x048d)
0x048f,ActionRejectBuyItem_Client,클래스명 연결,True,004d4f99,아이템·인벤토리·재능·빌드,11,9,"{""6"": 11}",1,,,ActionRejectBuyItem_Client가 dispatcher 안에서 직접 설치됨,읽는1B·거절 사유·관련 구매 요청의 연결은 별도 확인,V06,"item/talent/slot/stack/recipe 참조와 생성자→apply, 금액 차감·지급·거절 사유 소비 경로를 추적한다.",대상 ActionRejectBuyItem_Client: 부품 구매→조합→판매→소모품 사용→슬롯 이동을 각각 분리한다. 재능과 추천 빌드는 지원 모드에서 장착/해제/변경한다.,돈 부족·슬롯 가득·상점 밖·쿨다운 중 사용·잘못된 재능 모드의 거절을 대조한다.,아이템/슬롯/수량과 실제 인벤토리·금액 변화가 일치하며 요청/지급/소비/거절을 중복 집계하지 않는다.,vg-binary-event-candidates-2026-09-09.json (candidates opcode=0x048f)
0x0490,ActionBroadcastSwapTarget,클래스명 연결,True,004d03a8,이동·방향·위치,0,0,{},8,,8,분기 복사 크기·byte order helper·생성자 저장 위치를 근거에 보존; 필드 이름은 미확정,"현재 위치·목적지·보정 위치·효과 위치, 축·단위·지속시간을 구별해야 함",V02,벡터 필드가 위치 setter·경로·보간 중 어디에 들어가는지 추적하고 참조 대상과 좌표 변환을 확인한다.,대상 ActionBroadcastSwapTarget: 정지→알려진 두 지점 사이 직선 이동→중지→돌진/순간이동을 각각 단독 수행한다.,"제자리 방향 전환, 이동 실패, 위치 고정 스킬을 대조한다.",개체·축·단위가 관측과 일치하고 현재 위치와 목적지가 분리된다. 예측/보정·취소·중지에서도 오탐하지 않는다.,vg-binary-event-candidates-2026-09-09.json (candidates opcode=0x0490)
