name,vtable,scope,status,linked_receiver_opcodes,linked_request_opcodes,validation_plan_id,offline_next,runtime_scenario,negative_control,pass_criterion
Nuo::Kindred::IGameAction,01215f08,기타 관련 기반/연출/UI/플랫폼 클래스,현재 opcode 미연결; 사용 안 함을 뜻하지 않음,,,V00,"모든 직접 호출과 serializer 역참조, RTTI/apply, 문자열·호출자를 조사한다. 관측 길이별로 비교하고 수신기 기본 경로인 경우 다른 방향/빌드를 먼저 확인한다.",소비 경로로 행동 후보를 좁힌 다음 후보 행동을 하나씩 독립 기록하고 가능하면 실제 송수신 경로와 함께 대조한다.,"무행동, 비슷한 다른 행동, 다른 모드/상태/빌드를 대조한다.",특정 행동과 필드 해석을 지지하는 사례와 반증 대조를 함께 확보하기 전에는 unknown을 유지한다. 미관측을 미사용/예약 코드로 단정하지 않는다.
Nuo::Kindred::ActionRejectBuyItem_Client,01215f1c,Nuo::Kindred::Action 클래스,수신 후보에 연결,0x048f,,V06,"item/talent/slot/stack/recipe 참조와 생성자→apply, 금액 차감·지급·거절 사유 소비 경로를 추적한다.",부품 구매→조합→판매→소모품 사용→슬롯 이동을 각각 분리한다. 재능과 추천 빌드는 지원 모드에서 장착/해제/변경한다.,돈 부족·슬롯 가득·상점 밖·쿨다운 중 사용·잘못된 재능 모드의 거절을 대조한다.,아이템/슬롯/수량과 실제 인벤토리·금액 변화가 일치하며 요청/지급/소비/거절을 중복 집계하지 않는다.
Nuo::Platform::PlatformQueryNotifyPlayerAction,0121838c,기타 관련 기반/연출/UI/플랫폼 클래스,현재 opcode 미연결; 사용 안 함을 뜻하지 않음,,,V00,"모든 직접 호출과 serializer 역참조, RTTI/apply, 문자열·호출자를 조사한다. 관측 길이별로 비교하고 수신기 기본 경로인 경우 다른 방향/빌드를 먼저 확인한다.",소비 경로로 행동 후보를 좁힌 다음 후보 행동을 하나씩 독립 기록하고 가능하면 실제 송수신 경로와 함께 대조한다.,"무행동, 비슷한 다른 행동, 다른 모드/상태/빌드를 대조한다.",특정 행동과 필드 해석을 지지하는 사례와 반증 대조를 함께 확보하기 전에는 unknown을 유지한다. 미관측을 미사용/예약 코드로 단정하지 않는다.
Nuo::Kindred::ActionAttachToActor_Client,0121a8c8,Nuo::Kindred::Action 클래스,수신 후보에 연결,0x0408,,V02,벡터 필드가 위치 setter·경로·보간 중 어디에 들어가는지 추적하고 참조 대상과 좌표 변환을 확인한다.,정지→알려진 두 지점 사이 직선 이동→중지→돌진/순간이동을 각각 단독 수행한다.,"제자리 방향 전환, 이동 실패, 위치 고정 스킬을 대조한다.",개체·축·단위가 관측과 일치하고 현재 위치와 목적지가 분리된다. 예측/보정·취소·중지에서도 오탐하지 않는다.
Nuo::Kindred::ActionAutoMoveToActorResponse,0121a8dc,Nuo::Kindred::Action 클래스,수신 후보에 연결,0x0404,,V02,벡터 필드가 위치 setter·경로·보간 중 어디에 들어가는지 추적하고 참조 대상과 좌표 변환을 확인한다.,정지→알려진 두 지점 사이 직선 이동→중지→돌진/순간이동을 각각 단독 수행한다.,"제자리 방향 전환, 이동 실패, 위치 고정 스킬을 대조한다.",개체·축·단위가 관측과 일치하고 현재 위치와 목적지가 분리된다. 예측/보정·취소·중지에서도 오탐하지 않는다.
Nuo::Kindred::ActionAutoMoveToLocation_Client,0121a8f0,Nuo::Kindred::Action 클래스,수신 후보에 연결,0x0405,,V02,벡터 필드가 위치 setter·경로·보간 중 어디에 들어가는지 추적하고 참조 대상과 좌표 변환을 확인한다.,정지→알려진 두 지점 사이 직선 이동→중지→돌진/순간이동을 각각 단독 수행한다.,"제자리 방향 전환, 이동 실패, 위치 고정 스킬을 대조한다.",개체·축·단위가 관측과 일치하고 현재 위치와 목적지가 분리된다. 예측/보정·취소·중지에서도 오탐하지 않는다.
Nuo::Kindred::ActionHUDQuickMessage,0121a904,Nuo::Kindred::Action 클래스,수신 후보에 연결,0x044f,,V09,"localization/audio/pfx/UI 소비 경로와 수신 범위, 참조 ID·위치·지속시간, 로컬 요청 여부를 확인한다.",비공개/연습 환경에서 해당 알림·핑·음성·효과·표시를 하나씩 발생시키고 지원되는 관점별 화면/음향을 비교한다.,"로컬 표시/음량 설정 변경, 수신 범위 밖, 유사하지만 다른 알림을 대조한다.",ID·대상·범위·표시가 일치하고 로컬 연출을 피해·처치·아이템 획득으로 오인하지 않는다.
Nuo::Kindred::ActionModifyBasicAttackTarget,0121a938,Nuo::Kindred::Action 클래스,수신 후보에 연결,0x0425,,V03,"생성자→apply의 참조와 ability/projectile 정의, HP 처리·쿨다운·charge 소비 경로를 추적한다.",기본 공격과 A/B/C를 각각 단독 사용하고 헛발·적중·취소를 분리한다. 체력 관련 후보는 단일 피해·회복·보호막을 따로 비교한다.,"무행동, 범위 밖, 쿨다운 중 재입력, 빗나간 투사체를 대조한다.",서로 다른 영웅 2종 이상에서 개체·능력·단계가 일치하고 실패 요청을 성공 시전/적중으로 세지 않는다.
Nuo::Kindred::ActionModifySpawnCampVisibility_Client,0121a94c,Nuo::Kindred::Action 클래스,수신 후보에 연결,0x042c,,V07,"manifest/kind와 팀 조회, visibility bit/mask, 어그로 대상, 소유 변경과 팀 보상 소비 경로를 연결한다.",수풀/시야 경계 진입·이탈과 어그로 변경을 관측한다. 목표물은 터렛·크리스탈·대형 몬스터를 종류별로 하나씩 양 팀 관점에서 비교한다.,"피해만 주고 미처치, 다른 팀 처치, 시야 밖, 포획 없는 소멸을 대조한다.",종류·팀·수신 범위와 처치/포획/소유권/재등장이 일치하고 원시 source를 최종 보상 귀속으로 단정하지 않는다.
Nuo::Kindred::ActionMoveToAuthoritative_Client,0121a960,Nuo::Kindred::Action 클래스,수신 후보에 연결,0x03fe,,V02,벡터 필드가 위치 setter·경로·보간 중 어디에 들어가는지 추적하고 참조 대상과 좌표 변환을 확인한다.,정지→알려진 두 지점 사이 직선 이동→중지→돌진/순간이동을 각각 단독 수행한다.,"제자리 방향 전환, 이동 실패, 위치 고정 스킬을 대조한다.",개체·축·단위가 관측과 일치하고 현재 위치와 목적지가 분리된다. 예측/보정·취소·중지에서도 오탐하지 않는다.
Nuo::Kindred::ActionMoveToPredictive_Client,0121a974,Nuo::Kindred::Action 클래스,수신 후보에 연결,0x03fd,,V02,벡터 필드가 위치 setter·경로·보간 중 어디에 들어가는지 추적하고 참조 대상과 좌표 변환을 확인한다.,정지→알려진 두 지점 사이 직선 이동→중지→돌진/순간이동을 각각 단독 수행한다.,"제자리 방향 전환, 이동 실패, 위치 고정 스킬을 대조한다.",개체·축·단위가 관측과 일치하고 현재 위치와 목적지가 분리된다. 예측/보정·취소·중지에서도 오탐하지 않는다.
Nuo::Kindred::ActionPlayPfxAtLocation,0121a988,Nuo::Kindred::Action 클래스,수신 후보에 연결,0x0419,,V09,"localization/audio/pfx/UI 소비 경로와 수신 범위, 참조 ID·위치·지속시간, 로컬 요청 여부를 확인한다.",비공개/연습 환경에서 해당 알림·핑·음성·효과·표시를 하나씩 발생시키고 지원되는 관점별 화면/음향을 비교한다.,"로컬 표시/음량 설정 변경, 수신 범위 밖, 유사하지만 다른 알림을 대조한다.",ID·대상·범위·표시가 일치하고 로컬 연출을 피해·처치·아이템 획득으로 오인하지 않는다.
Nuo::Kindred::ActionRequestActivateItem,0121a9b4,Nuo::Kindred::Action 클래스,요청 직렬화에 연결,,"0x0448,0x0449,0x044a",V06,"item/talent/slot/stack/recipe 참조와 생성자→apply, 금액 차감·지급·거절 사유 소비 경로를 추적한다.",부품 구매→조합→판매→소모품 사용→슬롯 이동을 각각 분리한다. 재능과 추천 빌드는 지원 모드에서 장착/해제/변경한다.,돈 부족·슬롯 가득·상점 밖·쿨다운 중 사용·잘못된 재능 모드의 거절을 대조한다.,아이템/슬롯/수량과 실제 인벤토리·금액 변화가 일치하며 요청/지급/소비/거절을 중복 집계하지 않는다.
Nuo::Kindred::ActionRequestCancelAbility_Client,0121a9c8,Nuo::Kindred::Action 클래스,요청 직렬화에 연결,,0x0414,V03,"생성자→apply의 참조와 ability/projectile 정의, HP 처리·쿨다운·charge 소비 경로를 추적한다.",기본 공격과 A/B/C를 각각 단독 사용하고 헛발·적중·취소를 분리한다. 체력 관련 후보는 단일 피해·회복·보호막을 따로 비교한다.,"무행동, 범위 밖, 쿨다운 중 재입력, 빗나간 투사체를 대조한다.",서로 다른 영웅 2종 이상에서 개체·능력·단계가 일치하고 실패 요청을 성공 시전/적중으로 세지 않는다.
Nuo::Kindred::ActionRequestEquipTalent,0121a9dc,Nuo::Kindred::Action 클래스,요청 직렬화에 연결,,0x0484,V06,"item/talent/slot/stack/recipe 참조와 생성자→apply, 금액 차감·지급·거절 사유 소비 경로를 추적한다.",부품 구매→조합→판매→소모품 사용→슬롯 이동을 각각 분리한다. 재능과 추천 빌드는 지원 모드에서 장착/해제/변경한다.,돈 부족·슬롯 가득·상점 밖·쿨다운 중 사용·잘못된 재능 모드의 거절을 대조한다.,아이템/슬롯/수량과 실제 인벤토리·금액 변화가 일치하며 요청/지급/소비/거절을 중복 집계하지 않는다.
Nuo::Kindred::ActionRequestLevelLogicEvent_Client,0121a9f0,Nuo::Kindred::Action 클래스,요청 직렬화에 연결,,0x0486,V00,"모든 직접 호출과 serializer 역참조, RTTI/apply, 문자열·호출자를 조사한다. 관측 길이별로 비교하고 수신기 기본 경로인 경우 다른 방향/빌드를 먼저 확인한다.",소비 경로로 행동 후보를 좁힌 다음 후보 행동을 하나씩 독립 기록하고 가능하면 실제 송수신 경로와 함께 대조한다.,"무행동, 비슷한 다른 행동, 다른 모드/상태/빌드를 대조한다.",특정 행동과 필드 해석을 지지하는 사례와 반증 대조를 함께 확보하기 전에는 unknown을 유지한다. 미관측을 미사용/예약 코드로 단정하지 않는다.
Nuo::Kindred::ActionRequestModifyBasicAttackTarget,0121aa04,Nuo::Kindred::Action 클래스,요청 직렬화에 연결,,0x0424,V03,"생성자→apply의 참조와 ability/projectile 정의, HP 처리·쿨다운·charge 소비 경로를 추적한다.",기본 공격과 A/B/C를 각각 단독 사용하고 헛발·적중·취소를 분리한다. 체력 관련 후보는 단일 피해·회복·보호막을 따로 비교한다.,"무행동, 범위 밖, 쿨다운 중 재입력, 빗나간 투사체를 대조한다.",서로 다른 영웅 2종 이상에서 개체·능력·단계가 일치하고 실패 요청을 성공 시전/적중으로 세지 않는다.
Nuo::Kindred::ActionRequestMoveTo_Client,0121aa18,Nuo::Kindred::Action 클래스,요청 직렬화에 연결,,"0x03f4,0x03f5,0x03f6",V02,벡터 필드가 위치 setter·경로·보간 중 어디에 들어가는지 추적하고 참조 대상과 좌표 변환을 확인한다.,정지→알려진 두 지점 사이 직선 이동→중지→돌진/순간이동을 각각 단독 수행한다.,"제자리 방향 전환, 이동 실패, 위치 고정 스킬을 대조한다.",개체·축·단위가 관측과 일치하고 현재 위치와 목적지가 분리된다. 예측/보정·취소·중지에서도 오탐하지 않는다.
Nuo::Kindred::ActionRequestRecommendedBuildPath,0121aa2c,Nuo::Kindred::Action 클래스,요청 직렬화에 연결,,0x0485,V06,"item/talent/slot/stack/recipe 참조와 생성자→apply, 금액 차감·지급·거절 사유 소비 경로를 추적한다.",부품 구매→조합→판매→소모품 사용→슬롯 이동을 각각 분리한다. 재능과 추천 빌드는 지원 모드에서 장착/해제/변경한다.,돈 부족·슬롯 가득·상점 밖·쿨다운 중 사용·잘못된 재능 모드의 거절을 대조한다.,아이템/슬롯/수량과 실제 인벤토리·금액 변화가 일치하며 요청/지급/소비/거절을 중복 집계하지 않는다.
Nuo::Kindred::ActionRequestUpgradeAbility_Client,0121aa40,Nuo::Kindred::Action 클래스,요청 직렬화에 연결,,0x0436,V03,"생성자→apply의 참조와 ability/projectile 정의, HP 처리·쿨다운·charge 소비 경로를 추적한다.",기본 공격과 A/B/C를 각각 단독 사용하고 헛발·적중·취소를 분리한다. 체력 관련 후보는 단일 피해·회복·보호막을 따로 비교한다.,"무행동, 범위 밖, 쿨다운 중 재입력, 빗나간 투사체를 대조한다.",서로 다른 영웅 2종 이상에서 개체·능력·단계가 일치하고 실패 요청을 성공 시전/적중으로 세지 않는다.
Nuo::Kindred::ActionResetMovement_Client,0121aa54,Nuo::Kindred::Action 클래스,수신 후보에 연결,0x03fc,,V02,벡터 필드가 위치 setter·경로·보간 중 어디에 들어가는지 추적하고 참조 대상과 좌표 변환을 확인한다.,정지→알려진 두 지점 사이 직선 이동→중지→돌진/순간이동을 각각 단독 수행한다.,"제자리 방향 전환, 이동 실패, 위치 고정 스킬을 대조한다.",개체·축·단위가 관측과 일치하고 현재 위치와 목적지가 분리된다. 예측/보정·취소·중지에서도 오탐하지 않는다.
Nuo::Kindred::ActionSendAggroState_Client,0121aa68,Nuo::Kindred::Action 클래스,수신 후보에 연결,0x048c,,V07,"manifest/kind와 팀 조회, visibility bit/mask, 어그로 대상, 소유 변경과 팀 보상 소비 경로를 연결한다.",수풀/시야 경계 진입·이탈과 어그로 변경을 관측한다. 목표물은 터렛·크리스탈·대형 몬스터를 종류별로 하나씩 양 팀 관점에서 비교한다.,"피해만 주고 미처치, 다른 팀 처치, 시야 밖, 포획 없는 소멸을 대조한다.",종류·팀·수신 범위와 처치/포획/소유권/재등장이 일치하고 원시 source를 최종 보상 귀속으로 단정하지 않는다.
Nuo::Kindred::ActionSetMinimapSpawnPhase_Client,0121aa7c,Nuo::Kindred::Action 클래스,수신 후보에 연결,0x0478,,V07,"manifest/kind와 팀 조회, visibility bit/mask, 어그로 대상, 소유 변경과 팀 보상 소비 경로를 연결한다.",수풀/시야 경계 진입·이탈과 어그로 변경을 관측한다. 목표물은 터렛·크리스탈·대형 몬스터를 종류별로 하나씩 양 팀 관점에서 비교한다.,"피해만 주고 미처치, 다른 팀 처치, 시야 밖, 포획 없는 소멸을 대조한다.",종류·팀·수신 범위와 처치/포획/소유권/재등장이 일치하고 원시 source를 최종 보상 귀속으로 단정하지 않는다.
Nuo::Kindred::ActionSetSurrenderStateRequest,0121aa90,Nuo::Kindred::Action 클래스,요청 직렬화에 연결,,0x0472,V08,상태 getter/setter·queue·reason 분기와 이름이 있는 소비 경로를 추적한다. 같은 시각 후속 연산과 지원되지 않는 시계를 보존한다.,시작·준비·관전자 전환·튜토리얼 상태를 분리하고 정상 비항복 종료와 항복 종료를 각각 기록한다. 종료 직전 전투와 최종 화면도 함께 확보한다.,"종료 전 비슷한 시각의 대기, 무시/실패 reason, 지원되지 않는 모드와 시계 정지·재개를 대조한다.",해당 상태와 표시가 일치하고 동시각 후속 점수를 보존한다. 결과 화면으로 최종 수치를 확인하기 전 완료/보정 기준으로 승격하지 않는다.
Nuo::Kindred::ActionSpectatorExitMatchRequest,0121aaa4,Nuo::Kindred::Action 클래스,요청 직렬화에 연결,,0x0474,V08,상태 getter/setter·queue·reason 분기와 이름이 있는 소비 경로를 추적한다. 같은 시각 후속 연산과 지원되지 않는 시계를 보존한다.,시작·준비·관전자 전환·튜토리얼 상태를 분리하고 정상 비항복 종료와 항복 종료를 각각 기록한다. 종료 직전 전투와 최종 화면도 함께 확보한다.,"종료 전 비슷한 시각의 대기, 무시/실패 reason, 지원되지 않는 모드와 시계 정지·재개를 대조한다.",해당 상태와 표시가 일치하고 동시각 후속 점수를 보존한다. 결과 화면으로 최종 수치를 확인하기 전 완료/보정 기준으로 승격하지 않는다.
Nuo::Kindred::ActionStateChange_Client,0121aab8,Nuo::Kindred::Action 클래스,수신 후보에 연결,0x047e,,V08,상태 getter/setter·queue·reason 분기와 이름이 있는 소비 경로를 추적한다. 같은 시각 후속 연산과 지원되지 않는 시계를 보존한다.,시작·준비·관전자 전환·튜토리얼 상태를 분리하고 정상 비항복 종료와 항복 종료를 각각 기록한다. 종료 직전 전투와 최종 화면도 함께 확보한다.,"종료 전 비슷한 시각의 대기, 무시/실패 reason, 지원되지 않는 모드와 시계 정지·재개를 대조한다.",해당 상태와 표시가 일치하고 동시각 후속 점수를 보존한다. 결과 화면으로 최종 수치를 확인하기 전 완료/보정 기준으로 승격하지 않는다.
Nuo::Kindred::ActionStopAuthoritative_Client,0121aacc,Nuo::Kindred::Action 클래스,수신 후보에 연결,0x03ff,,V02,벡터 필드가 위치 setter·경로·보간 중 어디에 들어가는지 추적하고 참조 대상과 좌표 변환을 확인한다.,정지→알려진 두 지점 사이 직선 이동→중지→돌진/순간이동을 각각 단독 수행한다.,"제자리 방향 전환, 이동 실패, 위치 고정 스킬을 대조한다.",개체·축·단위가 관측과 일치하고 현재 위치와 목적지가 분리된다. 예측/보정·취소·중지에서도 오탐하지 않는다.
Nuo::Kindred::ActionStopNavigating_Client,0121aae0,Nuo::Kindred::Action 클래스,수신 후보에 연결,0x0400,,V02,벡터 필드가 위치 setter·경로·보간 중 어디에 들어가는지 추적하고 참조 대상과 좌표 변환을 확인한다.,정지→알려진 두 지점 사이 직선 이동→중지→돌진/순간이동을 각각 단독 수행한다.,"제자리 방향 전환, 이동 실패, 위치 고정 스킬을 대조한다.",개체·축·단위가 관측과 일치하고 현재 위치와 목적지가 분리된다. 예측/보정·취소·중지에서도 오탐하지 않는다.
Nuo::Kindred::ActionSyncCooldown_Client,0121aaf4,Nuo::Kindred::Action 클래스,수신 후보에 연결,0x048a,,V03,"생성자→apply의 참조와 ability/projectile 정의, HP 처리·쿨다운·charge 소비 경로를 추적한다.",기본 공격과 A/B/C를 각각 단독 사용하고 헛발·적중·취소를 분리한다. 체력 관련 후보는 단일 피해·회복·보호막을 따로 비교한다.,"무행동, 범위 밖, 쿨다운 중 재입력, 빗나간 투사체를 대조한다.",서로 다른 영웅 2종 이상에서 개체·능력·단계가 일치하고 실패 요청을 성공 시전/적중으로 세지 않는다.
Nuo::Kindred::ActionTeleport_Client,0121ab08,Nuo::Kindred::Action 클래스,수신 후보에 연결,0x040a,,V02,벡터 필드가 위치 setter·경로·보간 중 어디에 들어가는지 추적하고 참조 대상과 좌표 변환을 확인한다.,정지→알려진 두 지점 사이 직선 이동→중지→돌진/순간이동을 각각 단독 수행한다.,"제자리 방향 전환, 이동 실패, 위치 고정 스킬을 대조한다.",개체·축·단위가 관측과 일치하고 현재 위치와 목적지가 분리된다. 예측/보정·취소·중지에서도 오탐하지 않는다.
Nuo::Kindred::ActionTutorialStateChangedResponse,0121ab1c,Nuo::Kindred::Action 클래스,수신 후보에 연결,0x047d,,V08,상태 getter/setter·queue·reason 분기와 이름이 있는 소비 경로를 추적한다. 같은 시각 후속 연산과 지원되지 않는 시계를 보존한다.,시작·준비·관전자 전환·튜토리얼 상태를 분리하고 정상 비항복 종료와 항복 종료를 각각 기록한다. 종료 직전 전투와 최종 화면도 함께 확보한다.,"종료 전 비슷한 시각의 대기, 무시/실패 reason, 지원되지 않는 모드와 시계 정지·재개를 대조한다.",해당 상태와 표시가 일치하고 동시각 후속 점수를 보존한다. 결과 화면으로 최종 수치를 확인하기 전 완료/보정 기준으로 승격하지 않는다.
Nuo::Kindred::BtN_Action_Tutorial_SetPause,0121ae1c,기타 관련 기반/연출/UI/플랫폼 클래스,현재 opcode 미연결; 사용 안 함을 뜻하지 않음,,,V08,상태 getter/setter·queue·reason 분기와 이름이 있는 소비 경로를 추적한다. 같은 시각 후속 연산과 지원되지 않는 시계를 보존한다.,시작·준비·관전자 전환·튜토리얼 상태를 분리하고 정상 비항복 종료와 항복 종료를 각각 기록한다. 종료 직전 전투와 최종 화면도 함께 확보한다.,"종료 전 비슷한 시각의 대기, 무시/실패 reason, 지원되지 않는 모드와 시계 정지·재개를 대조한다.",해당 상태와 표시가 일치하고 동시각 후속 점수를 보존한다. 결과 화면으로 최종 수치를 확인하기 전 완료/보정 기준으로 승격하지 않는다.
Nuo::Kindred::BtN_Action_Tutorial_SetSoftPause,0121ae58,기타 관련 기반/연출/UI/플랫폼 클래스,현재 opcode 미연결; 사용 안 함을 뜻하지 않음,,,V08,상태 getter/setter·queue·reason 분기와 이름이 있는 소비 경로를 추적한다. 같은 시각 후속 연산과 지원되지 않는 시계를 보존한다.,시작·준비·관전자 전환·튜토리얼 상태를 분리하고 정상 비항복 종료와 항복 종료를 각각 기록한다. 종료 직전 전투와 최종 화면도 함께 확보한다.,"종료 전 비슷한 시각의 대기, 무시/실패 reason, 지원되지 않는 모드와 시계 정지·재개를 대조한다.",해당 상태와 표시가 일치하고 동시각 후속 점수를 보존한다. 결과 화면으로 최종 수치를 확인하기 전 완료/보정 기준으로 승격하지 않는다.
Nuo::Kindred::BtN_Action_Tutorial_ShowOnScreenDirections,0121af0c,기타 관련 기반/연출/UI/플랫폼 클래스,현재 opcode 미연결; 사용 안 함을 뜻하지 않음,,,V08,상태 getter/setter·queue·reason 분기와 이름이 있는 소비 경로를 추적한다. 같은 시각 후속 연산과 지원되지 않는 시계를 보존한다.,시작·준비·관전자 전환·튜토리얼 상태를 분리하고 정상 비항복 종료와 항복 종료를 각각 기록한다. 종료 직전 전투와 최종 화면도 함께 확보한다.,"종료 전 비슷한 시각의 대기, 무시/실패 reason, 지원되지 않는 모드와 시계 정지·재개를 대조한다.",해당 상태와 표시가 일치하고 동시각 후속 점수를 보존한다. 결과 화면으로 최종 수치를 확인하기 전 완료/보정 기준으로 승격하지 않는다.
Nuo::Kindred::BtN_Action_Tutorial_StartCutscene,0121af48,기타 관련 기반/연출/UI/플랫폼 클래스,현재 opcode 미연결; 사용 안 함을 뜻하지 않음,,,V08,상태 getter/setter·queue·reason 분기와 이름이 있는 소비 경로를 추적한다. 같은 시각 후속 연산과 지원되지 않는 시계를 보존한다.,시작·준비·관전자 전환·튜토리얼 상태를 분리하고 정상 비항복 종료와 항복 종료를 각각 기록한다. 종료 직전 전투와 최종 화면도 함께 확보한다.,"종료 전 비슷한 시각의 대기, 무시/실패 reason, 지원되지 않는 모드와 시계 정지·재개를 대조한다.",해당 상태와 표시가 일치하고 동시각 후속 점수를 보존한다. 결과 화면으로 최종 수치를 확인하기 전 완료/보정 기준으로 승격하지 않는다.
Nuo::Kindred::BtN_Action_Tutorial_StartSidebarConversation,0121af84,기타 관련 기반/연출/UI/플랫폼 클래스,현재 opcode 미연결; 사용 안 함을 뜻하지 않음,,,V08,상태 getter/setter·queue·reason 분기와 이름이 있는 소비 경로를 추적한다. 같은 시각 후속 연산과 지원되지 않는 시계를 보존한다.,시작·준비·관전자 전환·튜토리얼 상태를 분리하고 정상 비항복 종료와 항복 종료를 각각 기록한다. 종료 직전 전투와 최종 화면도 함께 확보한다.,"종료 전 비슷한 시각의 대기, 무시/실패 reason, 지원되지 않는 모드와 시계 정지·재개를 대조한다.",해당 상태와 표시가 일치하고 동시각 후속 점수를 보존한다. 결과 화면으로 최종 수치를 확인하기 전 완료/보정 기준으로 승격하지 않는다.
Nuo::Kindred::BtN_Action_Tutorial_RequestServer,0121affc,기타 관련 기반/연출/UI/플랫폼 클래스,현재 opcode 미연결; 사용 안 함을 뜻하지 않음,,,V08,상태 getter/setter·queue·reason 분기와 이름이 있는 소비 경로를 추적한다. 같은 시각 후속 연산과 지원되지 않는 시계를 보존한다.,시작·준비·관전자 전환·튜토리얼 상태를 분리하고 정상 비항복 종료와 항복 종료를 각각 기록한다. 종료 직전 전투와 최종 화면도 함께 확보한다.,"종료 전 비슷한 시각의 대기, 무시/실패 reason, 지원되지 않는 모드와 시계 정지·재개를 대조한다.",해당 상태와 표시가 일치하고 동시각 후속 점수를 보존한다. 결과 화면으로 최종 수치를 확인하기 전 완료/보정 기준으로 승격하지 않는다.
Nuo::Composite::Action_Delay,0121c240,기타 관련 기반/연출/UI/플랫폼 클래스,현재 opcode 미연결; 사용 안 함을 뜻하지 않음,,,V09,"localization/audio/pfx/UI 소비 경로와 수신 범위, 참조 ID·위치·지속시간, 로컬 요청 여부를 확인한다.",비공개/연습 환경에서 해당 알림·핑·음성·효과·표시를 하나씩 발생시키고 지원되는 관점별 화면/음향을 비교한다.,"로컬 표시/음량 설정 변경, 수신 범위 밖, 유사하지만 다른 알림을 대조한다.",ID·대상·범위·표시가 일치하고 로컬 연출을 피해·처치·아이템 획득으로 오인하지 않는다.
Nuo::Composite::Action_FadeIn,0121c25c,기타 관련 기반/연출/UI/플랫폼 클래스,현재 opcode 미연결; 사용 안 함을 뜻하지 않음,,,V09,"localization/audio/pfx/UI 소비 경로와 수신 범위, 참조 ID·위치·지속시간, 로컬 요청 여부를 확인한다.",비공개/연습 환경에서 해당 알림·핑·음성·효과·표시를 하나씩 발생시키고 지원되는 관점별 화면/음향을 비교한다.,"로컬 표시/음량 설정 변경, 수신 범위 밖, 유사하지만 다른 알림을 대조한다.",ID·대상·범위·표시가 일치하고 로컬 연출을 피해·처치·아이템 획득으로 오인하지 않는다.
Nuo::Composite::Action_FadeOut,0121c278,기타 관련 기반/연출/UI/플랫폼 클래스,현재 opcode 미연결; 사용 안 함을 뜻하지 않음,,,V09,"localization/audio/pfx/UI 소비 경로와 수신 범위, 참조 ID·위치·지속시간, 로컬 요청 여부를 확인한다.",비공개/연습 환경에서 해당 알림·핑·음성·효과·표시를 하나씩 발생시키고 지원되는 관점별 화면/음향을 비교한다.,"로컬 표시/음량 설정 변경, 수신 범위 밖, 유사하지만 다른 알림을 대조한다.",ID·대상·범위·표시가 일치하고 로컬 연출을 피해·처치·아이템 획득으로 오인하지 않는다.
Nuo::Composite::Action_Show,0121cd60,기타 관련 기반/연출/UI/플랫폼 클래스,현재 opcode 미연결; 사용 안 함을 뜻하지 않음,,,V09,"localization/audio/pfx/UI 소비 경로와 수신 범위, 참조 ID·위치·지속시간, 로컬 요청 여부를 확인한다.",비공개/연습 환경에서 해당 알림·핑·음성·효과·표시를 하나씩 발생시키고 지원되는 관점별 화면/음향을 비교한다.,"로컬 표시/음량 설정 변경, 수신 범위 밖, 유사하지만 다른 알림을 대조한다.",ID·대상·범위·표시가 일치하고 로컬 연출을 피해·처치·아이템 획득으로 오인하지 않는다.
Nuo::Composite::Action_Hide,0121cd7c,기타 관련 기반/연출/UI/플랫폼 클래스,현재 opcode 미연결; 사용 안 함을 뜻하지 않음,,,V09,"localization/audio/pfx/UI 소비 경로와 수신 범위, 참조 ID·위치·지속시간, 로컬 요청 여부를 확인한다.",비공개/연습 환경에서 해당 알림·핑·음성·효과·표시를 하나씩 발생시키고 지원되는 관점별 화면/음향을 비교한다.,"로컬 표시/음량 설정 변경, 수신 범위 밖, 유사하지만 다른 알림을 대조한다.",ID·대상·범위·표시가 일치하고 로컬 연출을 피해·처치·아이템 획득으로 오인하지 않는다.
Nuo::Composite::Action_CallbackInstant,0121cfc0,기타 관련 기반/연출/UI/플랫폼 클래스,현재 opcode 미연결; 사용 안 함을 뜻하지 않음,,,V09,"localization/audio/pfx/UI 소비 경로와 수신 범위, 참조 ID·위치·지속시간, 로컬 요청 여부를 확인한다.",비공개/연습 환경에서 해당 알림·핑·음성·효과·표시를 하나씩 발생시키고 지원되는 관점별 화면/음향을 비교한다.,"로컬 표시/음량 설정 변경, 수신 범위 밖, 유사하지만 다른 알림을 대조한다.",ID·대상·범위·표시가 일치하고 로컬 연출을 피해·처치·아이템 획득으로 오인하지 않는다.
Nuo::Composite::Action_Unactive,0121e6c4,기타 관련 기반/연출/UI/플랫폼 클래스,현재 opcode 미연결; 사용 안 함을 뜻하지 않음,,,V09,"localization/audio/pfx/UI 소비 경로와 수신 범위, 참조 ID·위치·지속시간, 로컬 요청 여부를 확인한다.",비공개/연습 환경에서 해당 알림·핑·음성·효과·표시를 하나씩 발생시키고 지원되는 관점별 화면/음향을 비교한다.,"로컬 표시/음량 설정 변경, 수신 범위 밖, 유사하지만 다른 알림을 대조한다.",ID·대상·범위·표시가 일치하고 로컬 연출을 피해·처치·아이템 획득으로 오인하지 않는다.
Nuo::Kindred::Action_PlaySound,01228e04,Nuo::Kindred::Action 클래스,현재 opcode 미연결; 사용 안 함을 뜻하지 않음,,,V09,"localization/audio/pfx/UI 소비 경로와 수신 범위, 참조 ID·위치·지속시간, 로컬 요청 여부를 확인한다.",비공개/연습 환경에서 해당 알림·핑·음성·효과·표시를 하나씩 발생시키고 지원되는 관점별 화면/음향을 비교한다.,"로컬 표시/음량 설정 변경, 수신 범위 밖, 유사하지만 다른 알림을 대조한다.",ID·대상·범위·표시가 일치하고 로컬 연출을 피해·처치·아이템 획득으로 오인하지 않는다.
Nuo::Kindred::Action_MoveToEasing,01228ff0,Nuo::Kindred::Action 클래스,현재 opcode 미연결; 사용 안 함을 뜻하지 않음,,,V02,벡터 필드가 위치 setter·경로·보간 중 어디에 들어가는지 추적하고 참조 대상과 좌표 변환을 확인한다.,정지→알려진 두 지점 사이 직선 이동→중지→돌진/순간이동을 각각 단독 수행한다.,"제자리 방향 전환, 이동 실패, 위치 고정 스킬을 대조한다.",개체·축·단위가 관측과 일치하고 현재 위치와 목적지가 분리된다. 예측/보정·취소·중지에서도 오탐하지 않는다.
Nuo::Kindred::Action_PlayAnimation,0122e338,Nuo::Kindred::Action 클래스,현재 opcode 미연결; 사용 안 함을 뜻하지 않음,,,V09,"localization/audio/pfx/UI 소비 경로와 수신 범위, 참조 ID·위치·지속시간, 로컬 요청 여부를 확인한다.",비공개/연습 환경에서 해당 알림·핑·음성·효과·표시를 하나씩 발생시키고 지원되는 관점별 화면/음향을 비교한다.,"로컬 표시/음량 설정 변경, 수신 범위 밖, 유사하지만 다른 알림을 대조한다.",ID·대상·범위·표시가 일치하고 로컬 연출을 피해·처치·아이템 획득으로 오인하지 않는다.
Nuo::Kindred::Action_PlayPfx,0122e354,Nuo::Kindred::Action 클래스,현재 opcode 미연결; 사용 안 함을 뜻하지 않음,,,V09,"localization/audio/pfx/UI 소비 경로와 수신 범위, 참조 ID·위치·지속시간, 로컬 요청 여부를 확인한다.",비공개/연습 환경에서 해당 알림·핑·음성·효과·표시를 하나씩 발생시키고 지원되는 관점별 화면/음향을 비교한다.,"로컬 표시/음량 설정 변경, 수신 범위 밖, 유사하지만 다른 알림을 대조한다.",ID·대상·범위·표시가 일치하고 로컬 연출을 피해·처치·아이템 획득으로 오인하지 않는다.
Nuo::Composite::Action_Destroy,01254930,기타 관련 기반/연출/UI/플랫폼 클래스,현재 opcode 미연결; 사용 안 함을 뜻하지 않음,,,V09,"localization/audio/pfx/UI 소비 경로와 수신 범위, 참조 ID·위치·지속시간, 로컬 요청 여부를 확인한다.",비공개/연습 환경에서 해당 알림·핑·음성·효과·표시를 하나씩 발생시키고 지원되는 관점별 화면/음향을 비교한다.,"로컬 표시/음량 설정 변경, 수신 범위 밖, 유사하지만 다른 알림을 대조한다.",ID·대상·범위·표시가 일치하고 로컬 연출을 피해·처치·아이템 획득으로 오인하지 않는다.
Nuo::Kindred::RecentFriendActionWidget,01255524,기타 관련 기반/연출/UI/플랫폼 클래스,현재 opcode 미연결; 사용 안 함을 뜻하지 않음,,,V09,"localization/audio/pfx/UI 소비 경로와 수신 범위, 참조 ID·위치·지속시간, 로컬 요청 여부를 확인한다.",비공개/연습 환경에서 해당 알림·핑·음성·효과·표시를 하나씩 발생시키고 지원되는 관점별 화면/음향을 비교한다.,"로컬 표시/음량 설정 변경, 수신 범위 밖, 유사하지만 다른 알림을 대조한다.",ID·대상·범위·표시가 일치하고 로컬 연출을 피해·처치·아이템 획득으로 오인하지 않는다.
Nuo::Kindred::FriendRequestActionWidget,012555c0,기타 관련 기반/연출/UI/플랫폼 클래스,현재 opcode 미연결; 사용 안 함을 뜻하지 않음,,,V09,"localization/audio/pfx/UI 소비 경로와 수신 범위, 참조 ID·위치·지속시간, 로컬 요청 여부를 확인한다.",비공개/연습 환경에서 해당 알림·핑·음성·효과·표시를 하나씩 발생시키고 지원되는 관점별 화면/음향을 비교한다.,"로컬 표시/음량 설정 변경, 수신 범위 밖, 유사하지만 다른 알림을 대조한다.",ID·대상·범위·표시가 일치하고 로컬 연출을 피해·처치·아이템 획득으로 오인하지 않는다.
Nuo::Kindred::ActionActorDead,0127c6a8,Nuo::Kindred::Action 클래스,수신 후보에 연결,0x0431,,V01,해당 클래스 생성자→apply의 ID 조회와 상태 전이를 추적하고 이전 spawn 정의·ID 수명·후속 snapshot을 연결한다.,영웅과 미니언 각각 생성→사망→소멸→부활/재생성을 기록하고 부활 시 조작 가능 시점을 별도 표시한다.,살아 있는 효과 개체의 정상 제거와 section 경계 snapshot 재전송을 대조한다.,"대상 ID와 실제 생명주기 단계가 일치하며 snapshot 반복을 신규 생성으로, 제거를 처치로 오인하지 않는다."
Nuo::Kindred::ActionActorDie,0127c6bc,Nuo::Kindred::Action 클래스,수신 후보에 연결,0x0430,,V01,해당 클래스 생성자→apply의 ID 조회와 상태 전이를 추적하고 이전 spawn 정의·ID 수명·후속 snapshot을 연결한다.,영웅과 미니언 각각 생성→사망→소멸→부활/재생성을 기록하고 부활 시 조작 가능 시점을 별도 표시한다.,살아 있는 효과 개체의 정상 제거와 section 경계 snapshot 재전송을 대조한다.,"대상 ID와 실제 생명주기 단계가 일치하며 snapshot 반복을 신규 생성으로, 제거를 처치로 오인하지 않는다."
Nuo::Kindred::ActionActorRespawn,0127c6d0,Nuo::Kindred::Action 클래스,수신 후보에 연결,0x0432,,V01,해당 클래스 생성자→apply의 ID 조회와 상태 전이를 추적하고 이전 spawn 정의·ID 수명·후속 snapshot을 연결한다.,영웅과 미니언 각각 생성→사망→소멸→부활/재생성을 기록하고 부활 시 조작 가능 시점을 별도 표시한다.,살아 있는 효과 개체의 정상 제거와 section 경계 snapshot 재전송을 대조한다.,"대상 ID와 실제 생명주기 단계가 일치하며 snapshot 반복을 신규 생성으로, 제거를 처치로 오인하지 않는다."
Nuo::Kindred::ActionActorUndead,0127c6e4,Nuo::Kindred::Action 클래스,수신 후보에 연결,0x042f,,V01,해당 클래스 생성자→apply의 ID 조회와 상태 전이를 추적하고 이전 spawn 정의·ID 수명·후속 snapshot을 연결한다.,영웅과 미니언 각각 생성→사망→소멸→부활/재생성을 기록하고 부활 시 조작 가능 시점을 별도 표시한다.,살아 있는 효과 개체의 정상 제거와 section 경계 snapshot 재전송을 대조한다.,"대상 ID와 실제 생명주기 단계가 일치하며 snapshot 반복을 신규 생성으로, 제거를 처치로 오인하지 않는다."
Nuo::Kindred::ActionApplyBuff,0127c6f8,Nuo::Kindred::Action 클래스,수신 후보에 연결,"0x043e,0x043f",,V04,"buff/zone 정의 ID와 대상 조회, duration·stack·mask·variable setter 및 종료 경로를 추적한다.",동일 버프를 한 번 부여한 뒤 재부여·중첩·강제 해제·자연 만료를 각각 기록한다. 장판은 진입과 이탈을 분리한다.,"대상 밖, 면역 상태, 스택 상한 도달, 같은 효과의 갱신을 대조한다.",버프 ID·대상·스택·남은 시간과 종료 이유가 일치하고 갱신을 신규 효과나 처치로 중복 집계하지 않는다.
Nuo::Kindred::ActionAutoActorBounce,0127c70c,Nuo::Kindred::Action 클래스,수신 후보에 연결,0x0402,,V02,벡터 필드가 위치 setter·경로·보간 중 어디에 들어가는지 추적하고 참조 대상과 좌표 변환을 확인한다.,정지→알려진 두 지점 사이 직선 이동→중지→돌진/순간이동을 각각 단독 수행한다.,"제자리 방향 전환, 이동 실패, 위치 고정 스킬을 대조한다.",개체·축·단위가 관측과 일치하고 현재 위치와 목적지가 분리된다. 예측/보정·취소·중지에서도 오탐하지 않는다.
Nuo::Kindred::ActionAutoMoveTo,0127c720,Nuo::Kindred::Action 클래스,수신 후보에 연결,0x0403,,V02,벡터 필드가 위치 setter·경로·보간 중 어디에 들어가는지 추적하고 참조 대상과 좌표 변환을 확인한다.,정지→알려진 두 지점 사이 직선 이동→중지→돌진/순간이동을 각각 단독 수행한다.,"제자리 방향 전환, 이동 실패, 위치 고정 스킬을 대조한다.",개체·축·단위가 관측과 일치하고 현재 위치와 목적지가 분리된다. 예측/보정·취소·중지에서도 오탐하지 않는다.
Nuo::Kindred::ActionAutoOrbit,0127c734,Nuo::Kindred::Action 클래스,수신 후보에 연결,0x0406,,V02,벡터 필드가 위치 setter·경로·보간 중 어디에 들어가는지 추적하고 참조 대상과 좌표 변환을 확인한다.,정지→알려진 두 지점 사이 직선 이동→중지→돌진/순간이동을 각각 단독 수행한다.,"제자리 방향 전환, 이동 실패, 위치 고정 스킬을 대조한다.",개체·축·단위가 관측과 일치하고 현재 위치와 목적지가 분리된다. 예측/보정·취소·중지에서도 오탐하지 않는다.
Nuo::Kindred::ActionBroadcastSwapTarget,0127c748,Nuo::Kindred::Action 클래스,수신 후보에 연결,0x0490,,V02,벡터 필드가 위치 setter·경로·보간 중 어디에 들어가는지 추적하고 참조 대상과 좌표 변환을 확인한다.,정지→알려진 두 지점 사이 직선 이동→중지→돌진/순간이동을 각각 단독 수행한다.,"제자리 방향 전환, 이동 실패, 위치 고정 스킬을 대조한다.",개체·축·단위가 관측과 일치하고 현재 위치와 목적지가 분리된다. 예측/보정·취소·중지에서도 오탐하지 않는다.
Nuo::Kindred::ActionCancelAbility,0127c75c,Nuo::Kindred::Action 클래스,수신 후보에 연결,0x043c,,V03,"생성자→apply의 참조와 ability/projectile 정의, HP 처리·쿨다운·charge 소비 경로를 추적한다.",기본 공격과 A/B/C를 각각 단독 사용하고 헛발·적중·취소를 분리한다. 체력 관련 후보는 단일 피해·회복·보호막을 따로 비교한다.,"무행동, 범위 밖, 쿨다운 중 재입력, 빗나간 투사체를 대조한다.",서로 다른 영웅 2종 이상에서 개체·능력·단계가 일치하고 실패 요청을 성공 시전/적중으로 세지 않는다.
Nuo::Kindred::ActionCancelAutoOrbit,0127c770,Nuo::Kindred::Action 클래스,수신 후보에 연결,0x0407,,V02,벡터 필드가 위치 setter·경로·보간 중 어디에 들어가는지 추적하고 참조 대상과 좌표 변환을 확인한다.,정지→알려진 두 지점 사이 직선 이동→중지→돌진/순간이동을 각각 단독 수행한다.,"제자리 방향 전환, 이동 실패, 위치 고정 스킬을 대조한다.",개체·축·단위가 관측과 일치하고 현재 위치와 목적지가 분리된다. 예측/보정·취소·중지에서도 오탐하지 않는다.
Nuo::Kindred::ActionCancelBuff,0127c784,Nuo::Kindred::Action 클래스,수신 후보에 연결,0x0445,,V04,"buff/zone 정의 ID와 대상 조회, duration·stack·mask·variable setter 및 종료 경로를 추적한다.",동일 버프를 한 번 부여한 뒤 재부여·중첩·강제 해제·자연 만료를 각각 기록한다. 장판은 진입과 이탈을 분리한다.,"대상 밖, 면역 상태, 스택 상한 도달, 같은 효과의 갱신을 대조한다.",버프 ID·대상·스택·남은 시간과 종료 이유가 일치하고 갱신을 신규 효과나 처치로 중복 집계하지 않는다.
Nuo::Kindred::ActionClearAbilityOverride,0127c798,Nuo::Kindred::Action 클래스,수신 후보에 연결,0x041b,,V03,"생성자→apply의 참조와 ability/projectile 정의, HP 처리·쿨다운·charge 소비 경로를 추적한다.",기본 공격과 A/B/C를 각각 단독 사용하고 헛발·적중·취소를 분리한다. 체력 관련 후보는 단일 피해·회복·보호막을 따로 비교한다.,"무행동, 범위 밖, 쿨다운 중 재입력, 빗나간 투사체를 대조한다.",서로 다른 영웅 2종 이상에서 개체·능력·단계가 일치하고 실패 요청을 성공 시전/적중으로 세지 않는다.
Nuo::Kindred::ActionConsumeItem,0127c7ac,Nuo::Kindred::Action 클래스,수신 후보에 연결,0x044b,,V06,"item/talent/slot/stack/recipe 참조와 생성자→apply, 금액 차감·지급·거절 사유 소비 경로를 추적한다.",부품 구매→조합→판매→소모품 사용→슬롯 이동을 각각 분리한다. 재능과 추천 빌드는 지원 모드에서 장착/해제/변경한다.,돈 부족·슬롯 가득·상점 밖·쿨다운 중 사용·잘못된 재능 모드의 거절을 대조한다.,아이템/슬롯/수량과 실제 인벤토리·금액 변화가 일치하며 요청/지급/소비/거절을 중복 집계하지 않는다.
Nuo::Kindred::ActionCreateZoneOfControl,0127c7d0,Nuo::Kindred::Action 클래스,수신 후보에 연결,"0x0420,0x0421,0x0422",,V04,"buff/zone 정의 ID와 대상 조회, duration·stack·mask·variable setter 및 종료 경로를 추적한다.",동일 버프를 한 번 부여한 뒤 재부여·중첩·강제 해제·자연 만료를 각각 기록한다. 장판은 진입과 이탈을 분리한다.,"대상 밖, 면역 상태, 스택 상한 도달, 같은 효과의 갱신을 대조한다.",버프 ID·대상·스택·남은 시간과 종료 이유가 일치하고 갱신을 신규 효과나 처치로 중복 집계하지 않는다.
Nuo::Kindred::ActionDecrementBuffStack,0127c7e4,Nuo::Kindred::Action 클래스,수신 후보에 연결,0x0447,,V04,"buff/zone 정의 ID와 대상 조회, duration·stack·mask·variable setter 및 종료 경로를 추적한다.",동일 버프를 한 번 부여한 뒤 재부여·중첩·강제 해제·자연 만료를 각각 기록한다. 장판은 진입과 이탈을 분리한다.,"대상 밖, 면역 상태, 스택 상한 도달, 같은 효과의 갱신을 대조한다.",버프 ID·대상·스택·남은 시간과 종료 이유가 일치하고 갱신을 신규 효과나 처치로 중복 집계하지 않는다.
Nuo::Kindred::ActionDestroyZoneOfControl,0127c7f8,Nuo::Kindred::Action 클래스,수신 후보에 연결,0x0423,,V04,"buff/zone 정의 ID와 대상 조회, duration·stack·mask·variable setter 및 종료 경로를 추적한다.",동일 버프를 한 번 부여한 뒤 재부여·중첩·강제 해제·자연 만료를 각각 기록한다. 장판은 진입과 이탈을 분리한다.,"대상 밖, 면역 상태, 스택 상한 도달, 같은 효과의 갱신을 대조한다.",버프 ID·대상·스택·남은 시간과 종료 이유가 일치하고 갱신을 신규 효과나 처치로 중복 집계하지 않는다.
Nuo::Kindred::ActionDetonateProjectile,0127c80c,Nuo::Kindred::Action 클래스,수신 후보에 연결,0x0410,,V03,"생성자→apply의 참조와 ability/projectile 정의, HP 처리·쿨다운·charge 소비 경로를 추적한다.",기본 공격과 A/B/C를 각각 단독 사용하고 헛발·적중·취소를 분리한다. 체력 관련 후보는 단일 피해·회복·보호막을 따로 비교한다.,"무행동, 범위 밖, 쿨다운 중 재입력, 빗나간 투사체를 대조한다.",서로 다른 영웅 2종 이상에서 개체·능력·단계가 일치하고 실패 요청을 성공 시전/적중으로 세지 않는다.
Nuo::Kindred::ActionDowngradeAbility,0127c820,Nuo::Kindred::Action 클래스,수신 후보에 연결,0x043b,,V03,"생성자→apply의 참조와 ability/projectile 정의, HP 처리·쿨다운·charge 소비 경로를 추적한다.",기본 공격과 A/B/C를 각각 단독 사용하고 헛발·적중·취소를 분리한다. 체력 관련 후보는 단일 피해·회복·보호막을 따로 비교한다.,"무행동, 범위 밖, 쿨다운 중 재입력, 빗나간 투사체를 대조한다.",서로 다른 영웅 2종 이상에서 개체·능력·단계가 일치하고 실패 요청을 성공 시전/적중으로 세지 않는다.
Nuo::Kindred::ActionEndMatch,0127c834,Nuo::Kindred::Action 클래스,수신 후보에 연결,0x03f1,,V08,상태 getter/setter·queue·reason 분기와 이름이 있는 소비 경로를 추적한다. 같은 시각 후속 연산과 지원되지 않는 시계를 보존한다.,시작·준비·관전자 전환·튜토리얼 상태를 분리하고 정상 비항복 종료와 항복 종료를 각각 기록한다. 종료 직전 전투와 최종 화면도 함께 확보한다.,"종료 전 비슷한 시각의 대기, 무시/실패 reason, 지원되지 않는 모드와 시계 정지·재개를 대조한다.",해당 상태와 표시가 일치하고 동시각 후속 점수를 보존한다. 결과 화면으로 최종 수치를 확인하기 전 완료/보정 기준으로 승격하지 않는다.
Nuo::Kindred::ActionEntityDestroy,0127c848,Nuo::Kindred::Action 클래스,수신 후보에 연결,0x040b,,V01,해당 클래스 생성자→apply의 ID 조회와 상태 전이를 추적하고 이전 spawn 정의·ID 수명·후속 snapshot을 연결한다.,영웅과 미니언 각각 생성→사망→소멸→부활/재생성을 기록하고 부활 시 조작 가능 시점을 별도 표시한다.,살아 있는 효과 개체의 정상 제거와 section 경계 snapshot 재전송을 대조한다.,"대상 ID와 실제 생명주기 단계가 일치하며 snapshot 반복을 신규 생성으로, 제거를 처치로 오인하지 않는다."
Nuo::Kindred::ActionEntitySpawn,0127c85c,Nuo::Kindred::Action 클래스,수신 후보에 연결,0x03f2,,V01,해당 클래스 생성자→apply의 ID 조회와 상태 전이를 추적하고 이전 spawn 정의·ID 수명·후속 snapshot을 연결한다.,영웅과 미니언 각각 생성→사망→소멸→부활/재생성을 기록하고 부활 시 조작 가능 시점을 별도 표시한다.,살아 있는 효과 개체의 정상 제거와 section 경계 snapshot 재전송을 대조한다.,"대상 ID와 실제 생명주기 단계가 일치하며 snapshot 반복을 신규 생성으로, 제거를 처치로 오인하지 않는다."
Nuo::Kindred::ActionEquipTalent,0127c870,Nuo::Kindred::Action 클래스,수신 후보에 연결,0x0481,,V06,"item/talent/slot/stack/recipe 참조와 생성자→apply, 금액 차감·지급·거절 사유 소비 경로를 추적한다.",부품 구매→조합→판매→소모품 사용→슬롯 이동을 각각 분리한다. 재능과 추천 빌드는 지원 모드에서 장착/해제/변경한다.,돈 부족·슬롯 가득·상점 밖·쿨다운 중 사용·잘못된 재능 모드의 거절을 대조한다.,아이템/슬롯/수량과 실제 인벤토리·금액 변화가 일치하며 요청/지급/소비/거절을 중복 집계하지 않는다.
Nuo::Kindred::ActionFaceDir,0127c884,Nuo::Kindred::Action 클래스,수신 후보에 연결,0x0401,,V02,벡터 필드가 위치 setter·경로·보간 중 어디에 들어가는지 추적하고 참조 대상과 좌표 변환을 확인한다.,정지→알려진 두 지점 사이 직선 이동→중지→돌진/순간이동을 각각 단독 수행한다.,"제자리 방향 전환, 이동 실패, 위치 고정 스킬을 대조한다.",개체·축·단위가 관측과 일치하고 현재 위치와 목적지가 분리된다. 예측/보정·취소·중지에서도 오탐하지 않는다.
Nuo::Kindred::ActionFireProjectile,0127c898,Nuo::Kindred::Action 클래스,수신 후보에 연결,"0x040d,0x040e,0x040f",,V03,"생성자→apply의 참조와 ability/projectile 정의, HP 처리·쿨다운·charge 소비 경로를 추적한다.",기본 공격과 A/B/C를 각각 단독 사용하고 헛발·적중·취소를 분리한다. 체력 관련 후보는 단일 피해·회복·보호막을 따로 비교한다.,"무행동, 범위 밖, 쿨다운 중 재입력, 빗나간 투사체를 대조한다.",서로 다른 영웅 2종 이상에서 개체·능력·단계가 일치하고 실패 요청을 성공 시전/적중으로 세지 않는다.
Nuo::Kindred::ActionGrantAbility,0127c8ac,Nuo::Kindred::Action 클래스,수신 후보에 연결,0x043a,,V03,"생성자→apply의 참조와 ability/projectile 정의, HP 처리·쿨다운·charge 소비 경로를 추적한다.",기본 공격과 A/B/C를 각각 단독 사용하고 헛발·적중·취소를 분리한다. 체력 관련 후보는 단일 피해·회복·보호막을 따로 비교한다.,"무행동, 범위 밖, 쿨다운 중 재입력, 빗나간 투사체를 대조한다.",서로 다른 영웅 2종 이상에서 개체·능력·단계가 일치하고 실패 요청을 성공 시전/적중으로 세지 않는다.
Nuo::Kindred::ActionGrantItem,0127c8c0,Nuo::Kindred::Action 클래스,수신 후보에 연결,0x043d,,V06,"item/talent/slot/stack/recipe 참조와 생성자→apply, 금액 차감·지급·거절 사유 소비 경로를 추적한다.",부품 구매→조합→판매→소모품 사용→슬롯 이동을 각각 분리한다. 재능과 추천 빌드는 지원 모드에서 장착/해제/변경한다.,돈 부족·슬롯 가득·상점 밖·쿨다운 중 사용·잘못된 재능 모드의 거절을 대조한다.,아이템/슬롯/수량과 실제 인벤토리·금액 변화가 일치하며 요청/지급/소비/거절을 중복 집계하지 않는다.
Nuo::Kindred::ActionHeroSpawn,0127c914,Nuo::Kindred::Action 클래스,수신 후보에 연결,0x03f3,,V01,해당 클래스 생성자→apply의 ID 조회와 상태 전이를 추적하고 이전 spawn 정의·ID 수명·후속 snapshot을 연결한다.,영웅과 미니언 각각 생성→사망→소멸→부활/재생성을 기록하고 부활 시 조작 가능 시점을 별도 표시한다.,살아 있는 효과 개체의 정상 제거와 section 경계 snapshot 재전송을 대조한다.,"대상 ID와 실제 생명주기 단계가 일치하며 snapshot 반복을 신규 생성으로, 제거를 처치로 오인하지 않는다."
Nuo::Kindred::ActionImpactHealth,0127c928,Nuo::Kindred::Action 클래스,수신 후보에 연결,0x041e,,V03,"생성자→apply의 참조와 ability/projectile 정의, HP 처리·쿨다운·charge 소비 경로를 추적한다.",기본 공격과 A/B/C를 각각 단독 사용하고 헛발·적중·취소를 분리한다. 체력 관련 후보는 단일 피해·회복·보호막을 따로 비교한다.,"무행동, 범위 밖, 쿨다운 중 재입력, 빗나간 투사체를 대조한다.",서로 다른 영웅 2종 이상에서 개체·능력·단계가 일치하고 실패 요청을 성공 시전/적중으로 세지 않는다.
Nuo::Kindred::ActionInvalidateTalent,0127c93c,Nuo::Kindred::Action 클래스,수신 후보에 연결,0x0483,,V06,"item/talent/slot/stack/recipe 참조와 생성자→apply, 금액 차감·지급·거절 사유 소비 경로를 추적한다.",부품 구매→조합→판매→소모품 사용→슬롯 이동을 각각 분리한다. 재능과 추천 빌드는 지원 모드에서 장착/해제/변경한다.,돈 부족·슬롯 가득·상점 밖·쿨다운 중 사용·잘못된 재능 모드의 거절을 대조한다.,아이템/슬롯/수량과 실제 인벤토리·금액 변화가 일치하며 요청/지급/소비/거절을 중복 집계하지 않는다.
Nuo::Kindred::ActionItemActivated,0127c950,Nuo::Kindred::Action 클래스,수신 후보에 연결,0x044c,,V06,"item/talent/slot/stack/recipe 참조와 생성자→apply, 금액 차감·지급·거절 사유 소비 경로를 추적한다.",부품 구매→조합→판매→소모품 사용→슬롯 이동을 각각 분리한다. 재능과 추천 빌드는 지원 모드에서 장착/해제/변경한다.,돈 부족·슬롯 가득·상점 밖·쿨다운 중 사용·잘못된 재능 모드의 거절을 대조한다.,아이템/슬롯/수량과 실제 인벤토리·금액 변화가 일치하며 요청/지급/소비/거절을 중복 집계하지 않는다.
Nuo::Kindred::ActionLevelUp,0127c964,Nuo::Kindred::Action 클래스,수신 후보에 연결,0x0434,,V05,index별 setter→getter→명명된 export/UI 소비 경로와 초기 snapshot·reset·clamp를 추적한다. 상관만으로 자원 이름을 정하지 않는다.,대기→구매→판매→단독 막타→근처 공유 처치→정글 처치를 분리한다. 레벨업 후 포인트를 보유했다가 능력 하나만 강화한다.,"SET 재전송, 무행동 자연 수입, 막타 없는 근접, 거절 구매, 사망 reset을 대조한다.",연산과 snapshot으로 복원한 수치가 각 관측 시점과 일치하고 잔액·총수입·레벨·포인트를 구별한다. 최종 KDA는 결과 화면으로 별도 확인한다.
Nuo::Kindred::ActionMakeAnnouncement,0127c978,Nuo::Kindred::Action 클래스,수신 후보에 연결,0x0435,,V09,"localization/audio/pfx/UI 소비 경로와 수신 범위, 참조 ID·위치·지속시간, 로컬 요청 여부를 확인한다.",비공개/연습 환경에서 해당 알림·핑·음성·효과·표시를 하나씩 발생시키고 지원되는 관점별 화면/음향을 비교한다.,"로컬 표시/음량 설정 변경, 수신 범위 밖, 유사하지만 다른 알림을 대조한다.",ID·대상·범위·표시가 일치하고 로컬 연출을 피해·처치·아이템 획득으로 오인하지 않는다.
Nuo::Kindred::ActionModifyAbilityCharges,0127c98c,Nuo::Kindred::Action 클래스,수신 후보에 연결,0x0429,,V03,"생성자→apply의 참조와 ability/projectile 정의, HP 처리·쿨다운·charge 소비 경로를 추적한다.",기본 공격과 A/B/C를 각각 단독 사용하고 헛발·적중·취소를 분리한다. 체력 관련 후보는 단일 피해·회복·보호막을 따로 비교한다.,"무행동, 범위 밖, 쿨다운 중 재입력, 빗나간 투사체를 대조한다.",서로 다른 영웅 2종 이상에서 개체·능력·단계가 일치하고 실패 요청을 성공 시전/적중으로 세지 않는다.
Nuo::Kindred::ActionModifyActorAttribute,0127c9a0,Nuo::Kindred::Action 클래스,수신 후보에 연결,0x041c,,V05,index별 setter→getter→명명된 export/UI 소비 경로와 초기 snapshot·reset·clamp를 추적한다. 상관만으로 자원 이름을 정하지 않는다.,대기→구매→판매→단독 막타→근처 공유 처치→정글 처치를 분리한다. 레벨업 후 포인트를 보유했다가 능력 하나만 강화한다.,"SET 재전송, 무행동 자연 수입, 막타 없는 근접, 거절 구매, 사망 reset을 대조한다.",연산과 snapshot으로 복원한 수치가 각 관측 시점과 일치하고 잔액·총수입·레벨·포인트를 구별한다. 최종 KDA는 결과 화면으로 별도 확인한다.
Nuo::Kindred::ActionModifyActorResource,0127c9b4,Nuo::Kindred::Action 클래스,수신 후보에 연결,0x041d,,V05,index별 setter→getter→명명된 export/UI 소비 경로와 초기 snapshot·reset·clamp를 추적한다. 상관만으로 자원 이름을 정하지 않는다.,대기→구매→판매→단독 막타→근처 공유 처치→정글 처치를 분리한다. 레벨업 후 포인트를 보유했다가 능력 하나만 강화한다.,"SET 재전송, 무행동 자연 수입, 막타 없는 근접, 거절 구매, 사망 reset을 대조한다.",연산과 snapshot으로 복원한 수치가 각 관측 시점과 일치하고 잔액·총수입·레벨·포인트를 구별한다. 최종 KDA는 결과 화면으로 별도 확인한다.
Nuo::Kindred::ActionModifyBuffDuration,0127c9c8,Nuo::Kindred::Action 클래스,수신 후보에 연결,0x0441,,V04,"buff/zone 정의 ID와 대상 조회, duration·stack·mask·variable setter 및 종료 경로를 추적한다.",동일 버프를 한 번 부여한 뒤 재부여·중첩·강제 해제·자연 만료를 각각 기록한다. 장판은 진입과 이탈을 분리한다.,"대상 밖, 면역 상태, 스택 상한 도달, 같은 효과의 갱신을 대조한다.",버프 ID·대상·스택·남은 시간과 종료 이유가 일치하고 갱신을 신규 효과나 처치로 중복 집계하지 않는다.
Nuo::Kindred::ActionModifyBuffMaxStacks,0127c9dc,Nuo::Kindred::Action 클래스,수신 후보에 연결,0x0442,,V04,"buff/zone 정의 ID와 대상 조회, duration·stack·mask·variable setter 및 종료 경로를 추적한다.",동일 버프를 한 번 부여한 뒤 재부여·중첩·강제 해제·자연 만료를 각각 기록한다. 장판은 진입과 이탈을 분리한다.,"대상 밖, 면역 상태, 스택 상한 도달, 같은 효과의 갱신을 대조한다.",버프 ID·대상·스택·남은 시간과 종료 이유가 일치하고 갱신을 신규 효과나 처치로 중복 집계하지 않는다.
Nuo::Kindred::ActionModifyBuffStack,0127c9f0,Nuo::Kindred::Action 클래스,수신 후보에 연결,0x0443,,V04,"buff/zone 정의 ID와 대상 조회, duration·stack·mask·variable setter 및 종료 경로를 추적한다.",동일 버프를 한 번 부여한 뒤 재부여·중첩·강제 해제·자연 만료를 각각 기록한다. 장판은 진입과 이탈을 분리한다.,"대상 밖, 면역 상태, 스택 상한 도달, 같은 효과의 갱신을 대조한다.",버프 ID·대상·스택·남은 시간과 종료 이유가 일치하고 갱신을 신규 효과나 처치로 중복 집계하지 않는다.
Nuo::Kindred::ActionModifyBuffVar,0127ca04,Nuo::Kindred::Action 클래스,수신 후보에 연결,0x048b,,V04,"buff/zone 정의 ID와 대상 조회, duration·stack·mask·variable setter 및 종료 경로를 추적한다.",동일 버프를 한 번 부여한 뒤 재부여·중첩·강제 해제·자연 만료를 각각 기록한다. 장판은 진입과 이탈을 분리한다.,"대상 밖, 면역 상태, 스택 상한 도달, 같은 효과의 갱신을 대조한다.",버프 ID·대상·스택·남은 시간과 종료 이유가 일치하고 갱신을 신규 효과나 처치로 중복 집계하지 않는다.
Nuo::Kindred::ActionModifyCooldown,0127ca18,Nuo::Kindred::Action 클래스,수신 후보에 연결,0x0428,,V03,"생성자→apply의 참조와 ability/projectile 정의, HP 처리·쿨다운·charge 소비 경로를 추적한다.",기본 공격과 A/B/C를 각각 단독 사용하고 헛발·적중·취소를 분리한다. 체력 관련 후보는 단일 피해·회복·보호막을 따로 비교한다.,"무행동, 범위 밖, 쿨다운 중 재입력, 빗나간 투사체를 대조한다.",서로 다른 영웅 2종 이상에서 개체·능력·단계가 일치하고 실패 요청을 성공 시전/적중으로 세지 않는다.
Nuo::Kindred::ActionModifyGameModeVar,0127ca2c,Nuo::Kindred::Action 클래스,수신 후보에 연결,0x041f,,V08,상태 getter/setter·queue·reason 분기와 이름이 있는 소비 경로를 추적한다. 같은 시각 후속 연산과 지원되지 않는 시계를 보존한다.,시작·준비·관전자 전환·튜토리얼 상태를 분리하고 정상 비항복 종료와 항복 종료를 각각 기록한다. 종료 직전 전투와 최종 화면도 함께 확보한다.,"종료 전 비슷한 시각의 대기, 무시/실패 reason, 지원되지 않는 모드와 시계 정지·재개를 대조한다.",해당 상태와 표시가 일치하고 동시각 후속 점수를 보존한다. 결과 화면으로 최종 수치를 확인하기 전 완료/보정 기준으로 승격하지 않는다.
Nuo::Kindred::ActionModifyItemStack,0127ca40,Nuo::Kindred::Action 클래스,수신 후보에 연결,0x0444,,V06,"item/talent/slot/stack/recipe 참조와 생성자→apply, 금액 차감·지급·거절 사유 소비 경로를 추적한다.",부품 구매→조합→판매→소모품 사용→슬롯 이동을 각각 분리한다. 재능과 추천 빌드는 지원 모드에서 장착/해제/변경한다.,돈 부족·슬롯 가득·상점 밖·쿨다운 중 사용·잘못된 재능 모드의 거절을 대조한다.,아이템/슬롯/수량과 실제 인벤토리·금액 변화가 일치하며 요청/지급/소비/거절을 중복 집계하지 않는다.
Nuo::Kindred::ActionModifyVisibility,0127ca54,Nuo::Kindred::Action 클래스,수신 후보에 연결,0x042b,,V07,"manifest/kind와 팀 조회, visibility bit/mask, 어그로 대상, 소유 변경과 팀 보상 소비 경로를 연결한다.",수풀/시야 경계 진입·이탈과 어그로 변경을 관측한다. 목표물은 터렛·크리스탈·대형 몬스터를 종류별로 하나씩 양 팀 관점에서 비교한다.,"피해만 주고 미처치, 다른 팀 처치, 시야 밖, 포획 없는 소멸을 대조한다.",종류·팀·수신 범위와 처치/포획/소유권/재등장이 일치하고 원시 source를 최종 보상 귀속으로 단정하지 않는다.
Nuo::Kindred::ActionMoveTo,0127ca68,Nuo::Kindred::Action 클래스,수신 후보에 연결,0x03f8,,V02,벡터 필드가 위치 setter·경로·보간 중 어디에 들어가는지 추적하고 참조 대상과 좌표 변환을 확인한다.,정지→알려진 두 지점 사이 직선 이동→중지→돌진/순간이동을 각각 단독 수행한다.,"제자리 방향 전환, 이동 실패, 위치 고정 스킬을 대조한다.",개체·축·단위가 관측과 일치하고 현재 위치와 목적지가 분리된다. 예측/보정·취소·중지에서도 오탐하지 않는다.
Nuo::Kindred::ActionMoveToAndFace,0127ca7c,Nuo::Kindred::Action 클래스,수신 후보에 연결,0x03fa,,V02,벡터 필드가 위치 setter·경로·보간 중 어디에 들어가는지 추적하고 참조 대상과 좌표 변환을 확인한다.,정지→알려진 두 지점 사이 직선 이동→중지→돌진/순간이동을 각각 단독 수행한다.,"제자리 방향 전환, 이동 실패, 위치 고정 스킬을 대조한다.",개체·축·단위가 관측과 일치하고 현재 위치와 목적지가 분리된다. 예측/보정·취소·중지에서도 오탐하지 않는다.
Nuo::Kindred::ActionMoveToCorrection,0127ca90,Nuo::Kindred::Action 클래스,수신 후보에 연결,0x042e,,V02,벡터 필드가 위치 setter·경로·보간 중 어디에 들어가는지 추적하고 참조 대상과 좌표 변환을 확인한다.,정지→알려진 두 지점 사이 직선 이동→중지→돌진/순간이동을 각각 단독 수행한다.,"제자리 방향 전환, 이동 실패, 위치 고정 스킬을 대조한다.",개체·축·단위가 관측과 일치하고 현재 위치와 목적지가 분리된다. 예측/보정·취소·중지에서도 오탐하지 않는다.
Nuo::Kindred::ActionMoveToServerAuthoritative,0127caa4,Nuo::Kindred::Action 클래스,수신 후보에 연결,0x03f9,,V02,벡터 필드가 위치 setter·경로·보간 중 어디에 들어가는지 추적하고 참조 대상과 좌표 변환을 확인한다.,정지→알려진 두 지점 사이 직선 이동→중지→돌진/순간이동을 각각 단독 수행한다.,"제자리 방향 전환, 이동 실패, 위치 고정 스킬을 대조한다.",개체·축·단위가 관측과 일치하고 현재 위치와 목적지가 분리된다. 예측/보정·취소·중지에서도 오탐하지 않는다.
Nuo::Kindred::ActionOverrideAbility,0127cab8,Nuo::Kindred::Action 클래스,수신 후보에 연결,0x041a,,V03,"생성자→apply의 참조와 ability/projectile 정의, HP 처리·쿨다운·charge 소비 경로를 추적한다.",기본 공격과 A/B/C를 각각 단독 사용하고 헛발·적중·취소를 분리한다. 체력 관련 후보는 단일 피해·회복·보호막을 따로 비교한다.,"무행동, 범위 밖, 쿨다운 중 재입력, 빗나간 투사체를 대조한다.",서로 다른 영웅 2종 이상에서 개체·능력·단계가 일치하고 실패 요청을 성공 시전/적중으로 세지 않는다.
Nuo::Kindred::ActionPauseTutorial,0127cacc,Nuo::Kindred::Action 클래스,수신 후보에 연결,0x0475,,V08,상태 getter/setter·queue·reason 분기와 이름이 있는 소비 경로를 추적한다. 같은 시각 후속 연산과 지원되지 않는 시계를 보존한다.,시작·준비·관전자 전환·튜토리얼 상태를 분리하고 정상 비항복 종료와 항복 종료를 각각 기록한다. 종료 직전 전투와 최종 화면도 함께 확보한다.,"종료 전 비슷한 시각의 대기, 무시/실패 reason, 지원되지 않는 모드와 시계 정지·재개를 대조한다.",해당 상태와 표시가 일치하고 동시각 후속 점수를 보존한다. 결과 화면으로 최종 수치를 확인하기 전 완료/보정 기준으로 승격하지 않는다.
Nuo::Kindred::ActionPauseCooldown,0127cae0,Nuo::Kindred::Action 클래스,수신 후보에 연결,0x0427,,V03,"생성자→apply의 참조와 ability/projectile 정의, HP 처리·쿨다운·charge 소비 경로를 추적한다.",기본 공격과 A/B/C를 각각 단독 사용하고 헛발·적중·취소를 분리한다. 체력 관련 후보는 단일 피해·회복·보호막을 따로 비교한다.,"무행동, 범위 밖, 쿨다운 중 재입력, 빗나간 투사체를 대조한다.",서로 다른 영웅 2종 이상에서 개체·능력·단계가 일치하고 실패 요청을 성공 시전/적중으로 세지 않는다.
Nuo::Kindred::ActionPing,0127caf4,Nuo::Kindred::Action 클래스,수신 후보에 연결,0x044e,,V09,"localization/audio/pfx/UI 소비 경로와 수신 범위, 참조 ID·위치·지속시간, 로컬 요청 여부를 확인한다.",비공개/연습 환경에서 해당 알림·핑·음성·효과·표시를 하나씩 발생시키고 지원되는 관점별 화면/음향을 비교한다.,"로컬 표시/음량 설정 변경, 수신 범위 밖, 유사하지만 다른 알림을 대조한다.",ID·대상·범위·표시가 일치하고 로컬 연출을 피해·처치·아이템 획득으로 오인하지 않는다.
Nuo::Kindred::ActionPlayAbility,0127cb08,Nuo::Kindred::Action 클래스,수신 후보에 연결,"0x0415,0x0416,0x0417",,V03,"생성자→apply의 참조와 ability/projectile 정의, HP 처리·쿨다운·charge 소비 경로를 추적한다.",기본 공격과 A/B/C를 각각 단독 사용하고 헛발·적중·취소를 분리한다. 체력 관련 후보는 단일 피해·회복·보호막을 따로 비교한다.,"무행동, 범위 밖, 쿨다운 중 재입력, 빗나간 투사체를 대조한다.",서로 다른 영웅 2종 이상에서 개체·능력·단계가 일치하고 실패 요청을 성공 시전/적중으로 세지 않는다.
Nuo::Kindred::ActionPlayVoiceOver,0127cb1c,Nuo::Kindred::Action 클래스,수신 후보에 연결,0x0418,,V09,"localization/audio/pfx/UI 소비 경로와 수신 범위, 참조 ID·위치·지속시간, 로컬 요청 여부를 확인한다.",비공개/연습 환경에서 해당 알림·핑·음성·효과·표시를 하나씩 발생시키고 지원되는 관점별 화면/음향을 비교한다.,"로컬 표시/음량 설정 변경, 수신 범위 밖, 유사하지만 다른 알림을 대조한다.",ID·대상·범위·표시가 일치하고 로컬 연출을 피해·처치·아이템 획득으로 오인하지 않는다.
Nuo::Kindred::ActionQuickBuyItem,0127cb30,Nuo::Kindred::Action 클래스,수신 후보에 연결,0x0437,,V06,"item/talent/slot/stack/recipe 참조와 생성자→apply, 금액 차감·지급·거절 사유 소비 경로를 추적한다.",부품 구매→조합→판매→소모품 사용→슬롯 이동을 각각 분리한다. 재능과 추천 빌드는 지원 모드에서 장착/해제/변경한다.,돈 부족·슬롯 가득·상점 밖·쿨다운 중 사용·잘못된 재능 모드의 거절을 대조한다.,아이템/슬롯/수량과 실제 인벤토리·금액 변화가 일치하며 요청/지급/소비/거절을 중복 집계하지 않는다.
Nuo::Kindred::ActionReorderItem,0127cb44,Nuo::Kindred::Action 클래스,요청 직렬화에 연결,,0x0438,V06,"item/talent/slot/stack/recipe 참조와 생성자→apply, 금액 차감·지급·거절 사유 소비 경로를 추적한다.",부품 구매→조합→판매→소모품 사용→슬롯 이동을 각각 분리한다. 재능과 추천 빌드는 지원 모드에서 장착/해제/변경한다.,돈 부족·슬롯 가득·상점 밖·쿨다운 중 사용·잘못된 재능 모드의 거절을 대조한다.,아이템/슬롯/수량과 실제 인벤토리·금액 변화가 일치하며 요청/지급/소비/거절을 중복 집계하지 않는다.
Nuo::Kindred::ActionRequestActivateAbility,0127cb58,Nuo::Kindred::Action 클래스,요청 직렬화에 연결,,"0x0411,0x0412,0x0413",V03,"생성자→apply의 참조와 ability/projectile 정의, HP 처리·쿨다운·charge 소비 경로를 추적한다.",기본 공격과 A/B/C를 각각 단독 사용하고 헛발·적중·취소를 분리한다. 체력 관련 후보는 단일 피해·회복·보호막을 따로 비교한다.,"무행동, 범위 밖, 쿨다운 중 재입력, 빗나간 투사체를 대조한다.",서로 다른 영웅 2종 이상에서 개체·능력·단계가 일치하고 실패 요청을 성공 시전/적중으로 세지 않는다.
Nuo::Kindred::ActionBuyItem,0127cb6c,Nuo::Kindred::Action 클래스,수신 후보에 연결,0x0439,,V06,"item/talent/slot/stack/recipe 참조와 생성자→apply, 금액 차감·지급·거절 사유 소비 경로를 추적한다.",부품 구매→조합→판매→소모품 사용→슬롯 이동을 각각 분리한다. 재능과 추천 빌드는 지원 모드에서 장착/해제/변경한다.,돈 부족·슬롯 가득·상점 밖·쿨다운 중 사용·잘못된 재능 모드의 거절을 대조한다.,아이템/슬롯/수량과 실제 인벤토리·금액 변화가 일치하며 요청/지급/소비/거절을 중복 집계하지 않는다.
Nuo::Kindred::ActionSellItem,0127cb80,Nuo::Kindred::Action 클래스,수신 후보에 연결,0x044d,,V06,"item/talent/slot/stack/recipe 참조와 생성자→apply, 금액 차감·지급·거절 사유 소비 경로를 추적한다.",부품 구매→조합→판매→소모품 사용→슬롯 이동을 각각 분리한다. 재능과 추천 빌드는 지원 모드에서 장착/해제/변경한다.,돈 부족·슬롯 가득·상점 밖·쿨다운 중 사용·잘못된 재능 모드의 거절을 대조한다.,아이템/슬롯/수량과 실제 인벤토리·금액 변화가 일치하며 요청/지급/소비/거절을 중복 집계하지 않는다.
Nuo::Kindred::ActionSetBuildPath,0127cba4,Nuo::Kindred::Action 클래스,수신 후보에 연결,0x0487,,V06,"item/talent/slot/stack/recipe 참조와 생성자→apply, 금액 차감·지급·거절 사유 소비 경로를 추적한다.",부품 구매→조합→판매→소모품 사용→슬롯 이동을 각각 분리한다. 재능과 추천 빌드는 지원 모드에서 장착/해제/변경한다.,돈 부족·슬롯 가득·상점 밖·쿨다운 중 사용·잘못된 재능 모드의 거절을 대조한다.,아이템/슬롯/수량과 실제 인벤토리·금액 변화가 일치하며 요청/지급/소비/거절을 중복 집계하지 않는다.
Nuo::Kindred::ActionSetRecommendedBuildPath,0127cbb8,Nuo::Kindred::Action 클래스,수신 후보에 연결,0x0488,,V06,"item/talent/slot/stack/recipe 참조와 생성자→apply, 금액 차감·지급·거절 사유 소비 경로를 추적한다.",부품 구매→조합→판매→소모품 사용→슬롯 이동을 각각 분리한다. 재능과 추천 빌드는 지원 모드에서 장착/해제/변경한다.,돈 부족·슬롯 가득·상점 밖·쿨다운 중 사용·잘못된 재능 모드의 거절을 대조한다.,아이템/슬롯/수량과 실제 인벤토리·금액 변화가 일치하며 요청/지급/소비/거절을 중복 집계하지 않는다.
Nuo::Kindred::ActionSetSimulationSpeed,0127cbcc,Nuo::Kindred::Action 클래스,수신 후보에 연결,0x0476,,V08,상태 getter/setter·queue·reason 분기와 이름이 있는 소비 경로를 추적한다. 같은 시각 후속 연산과 지원되지 않는 시계를 보존한다.,시작·준비·관전자 전환·튜토리얼 상태를 분리하고 정상 비항복 종료와 항복 종료를 각각 기록한다. 종료 직전 전투와 최종 화면도 함께 확보한다.,"종료 전 비슷한 시각의 대기, 무시/실패 reason, 지원되지 않는 모드와 시계 정지·재개를 대조한다.",해당 상태와 표시가 일치하고 동시각 후속 점수를 보존한다. 결과 화면으로 최종 수치를 확인하기 전 완료/보정 기준으로 승격하지 않는다.
Nuo::Kindred::ActionSetPlayerAsSpectator,0127cbe0,Nuo::Kindred::Action 클래스,수신 후보에 연결,0x0477,,V08,상태 getter/setter·queue·reason 분기와 이름이 있는 소비 경로를 추적한다. 같은 시각 후속 연산과 지원되지 않는 시계를 보존한다.,시작·준비·관전자 전환·튜토리얼 상태를 분리하고 정상 비항복 종료와 항복 종료를 각각 기록한다. 종료 직전 전투와 최종 화면도 함께 확보한다.,"종료 전 비슷한 시각의 대기, 무시/실패 reason, 지원되지 않는 모드와 시계 정지·재개를 대조한다.",해당 상태와 표시가 일치하고 동시각 후속 점수를 보존한다. 결과 화면으로 최종 수치를 확인하기 전 완료/보정 기준으로 승격하지 않는다.
Nuo::Kindred::ActionShowFlyoutText,0127cbf4,Nuo::Kindred::Action 클래스,수신 후보에 연결,0x0440,,V09,"localization/audio/pfx/UI 소비 경로와 수신 범위, 참조 ID·위치·지속시간, 로컬 요청 여부를 확인한다.",비공개/연습 환경에서 해당 알림·핑·음성·효과·표시를 하나씩 발생시키고 지원되는 관점별 화면/음향을 비교한다.,"로컬 표시/음량 설정 변경, 수신 범위 밖, 유사하지만 다른 알림을 대조한다.",ID·대상·범위·표시가 일치하고 로컬 연출을 피해·처치·아이템 획득으로 오인하지 않는다.
Nuo::Kindred::ActionStartMatch,0127cc08,Nuo::Kindred::Action 클래스,수신 후보에 연결,0x03ef,,V08,상태 getter/setter·queue·reason 분기와 이름이 있는 소비 경로를 추적한다. 같은 시각 후속 연산과 지원되지 않는 시계를 보존한다.,시작·준비·관전자 전환·튜토리얼 상태를 분리하고 정상 비항복 종료와 항복 종료를 각각 기록한다. 종료 직전 전투와 최종 화면도 함께 확보한다.,"종료 전 비슷한 시각의 대기, 무시/실패 reason, 지원되지 않는 모드와 시계 정지·재개를 대조한다.",해당 상태와 표시가 일치하고 동시각 후속 점수를 보존한다. 결과 화면으로 최종 수치를 확인하기 전 완료/보정 기준으로 승격하지 않는다.
Nuo::Kindred::ActionShowMatchPrepSequence,0127cc1c,Nuo::Kindred::Action 클래스,수신 후보에 연결,0x03f0,,V08,상태 getter/setter·queue·reason 분기와 이름이 있는 소비 경로를 추적한다. 같은 시각 후속 연산과 지원되지 않는 시계를 보존한다.,시작·준비·관전자 전환·튜토리얼 상태를 분리하고 정상 비항복 종료와 항복 종료를 각각 기록한다. 종료 직전 전투와 최종 화면도 함께 확보한다.,"종료 전 비슷한 시각의 대기, 무시/실패 reason, 지원되지 않는 모드와 시계 정지·재개를 대조한다.",해당 상태와 표시가 일치하고 동시각 후속 점수를 보존한다. 결과 화면으로 최종 수치를 확인하기 전 완료/보정 기준으로 승격하지 않는다.
Nuo::Kindred::ActionStartRespawnTimer,0127cc30,Nuo::Kindred::Action 클래스,수신 후보에 연결,0x0433,,V01,해당 클래스 생성자→apply의 ID 조회와 상태 전이를 추적하고 이전 spawn 정의·ID 수명·후속 snapshot을 연결한다.,영웅과 미니언 각각 생성→사망→소멸→부활/재생성을 기록하고 부활 시 조작 가능 시점을 별도 표시한다.,살아 있는 효과 개체의 정상 제거와 section 경계 snapshot 재전송을 대조한다.,"대상 ID와 실제 생명주기 단계가 일치하며 snapshot 반복을 신규 생성으로, 제거를 처치로 오인하지 않는다."
Nuo::Kindred::ActionStopActor,0127cc44,Nuo::Kindred::Action 클래스,수신 후보에 연결,0x03fb,,V02,벡터 필드가 위치 setter·경로·보간 중 어디에 들어가는지 추적하고 참조 대상과 좌표 변환을 확인한다.,정지→알려진 두 지점 사이 직선 이동→중지→돌진/순간이동을 각각 단독 수행한다.,"제자리 방향 전환, 이동 실패, 위치 고정 스킬을 대조한다.",개체·축·단위가 관측과 일치하고 현재 위치와 목적지가 분리된다. 예측/보정·취소·중지에서도 오탐하지 않는다.
Nuo::Kindred::ActionSyncAbilityBehavior,0127cc58,Nuo::Kindred::Action 클래스,수신 후보에 연결,0x0489,,V03,"생성자→apply의 참조와 ability/projectile 정의, HP 처리·쿨다운·charge 소비 경로를 추적한다.",기본 공격과 A/B/C를 각각 단독 사용하고 헛발·적중·취소를 분리한다. 체력 관련 후보는 단일 피해·회복·보호막을 따로 비교한다.,"무행동, 범위 밖, 쿨다운 중 재입력, 빗나간 투사체를 대조한다.",서로 다른 영웅 2종 이상에서 개체·능력·단계가 일치하고 실패 요청을 성공 시전/적중으로 세지 않는다.
Nuo::Kindred::ActionTeamSurrenderStateChanged,0127cc6c,Nuo::Kindred::Action 클래스,수신 후보에 연결,0x0473,,V08,상태 getter/setter·queue·reason 분기와 이름이 있는 소비 경로를 추적한다. 같은 시각 후속 연산과 지원되지 않는 시계를 보존한다.,시작·준비·관전자 전환·튜토리얼 상태를 분리하고 정상 비항복 종료와 항복 종료를 각각 기록한다. 종료 직전 전투와 최종 화면도 함께 확보한다.,"종료 전 비슷한 시각의 대기, 무시/실패 reason, 지원되지 않는 모드와 시계 정지·재개를 대조한다.",해당 상태와 표시가 일치하고 동시각 후속 점수를 보존한다. 결과 화면으로 최종 수치를 확인하기 전 완료/보정 기준으로 승격하지 않는다.
Nuo::Kindred::ActionTeleportTo,0127cc80,Nuo::Kindred::Action 클래스,수신 후보에 연결,0x0409,,V02,벡터 필드가 위치 setter·경로·보간 중 어디에 들어가는지 추적하고 참조 대상과 좌표 변환을 확인한다.,정지→알려진 두 지점 사이 직선 이동→중지→돌진/순간이동을 각각 단독 수행한다.,"제자리 방향 전환, 이동 실패, 위치 고정 스킬을 대조한다.",개체·축·단위가 관측과 일치하고 현재 위치와 목적지가 분리된다. 예측/보정·취소·중지에서도 오탐하지 않는다.
Nuo::Kindred::ActionTimeoutBuff,0127cc94,Nuo::Kindred::Action 클래스,수신 후보에 연결,0x0446,,V04,"buff/zone 정의 ID와 대상 조회, duration·stack·mask·variable setter 및 종료 경로를 추적한다.",동일 버프를 한 번 부여한 뒤 재부여·중첩·강제 해제·자연 만료를 각각 기록한다. 장판은 진입과 이탈을 분리한다.,"대상 밖, 면역 상태, 스택 상한 도달, 같은 효과의 갱신을 대조한다.",버프 ID·대상·스택·남은 시간과 종료 이유가 일치하고 갱신을 신규 효과나 처치로 중복 집계하지 않는다.
Nuo::Kindred::ActionUnequipTalent,0127cca8,Nuo::Kindred::Action 클래스,수신 후보에 연결,0x0482,,V06,"item/talent/slot/stack/recipe 참조와 생성자→apply, 금액 차감·지급·거절 사유 소비 경로를 추적한다.",부품 구매→조합→판매→소모품 사용→슬롯 이동을 각각 분리한다. 재능과 추천 빌드는 지원 모드에서 장착/해제/변경한다.,돈 부족·슬롯 가득·상점 밖·쿨다운 중 사용·잘못된 재능 모드의 거절을 대조한다.,아이템/슬롯/수량과 실제 인벤토리·금액 변화가 일치하며 요청/지급/소비/거절을 중복 집계하지 않는다.
Nuo::Kindred::KindredPacketRecorder,0127ccec,기타 관련 기반/연출/UI/플랫폼 클래스,현재 opcode 미연결; 사용 안 함을 뜻하지 않음,,,V00,"모든 직접 호출과 serializer 역참조, RTTI/apply, 문자열·호출자를 조사한다. 관측 길이별로 비교하고 수신기 기본 경로인 경우 다른 방향/빌드를 먼저 확인한다.",소비 경로로 행동 후보를 좁힌 다음 후보 행동을 하나씩 독립 기록하고 가능하면 실제 송수신 경로와 함께 대조한다.,"무행동, 비슷한 다른 행동, 다른 모드/상태/빌드를 대조한다.",특정 행동과 필드 해석을 지지하는 사례와 반증 대조를 함께 확보하기 전에는 unknown을 유지한다. 미관측을 미사용/예약 코드로 단정하지 않는다.
Nuo::Kindred::BtN_Action_DeclareVariable,0128828c,기타 관련 기반/연출/UI/플랫폼 클래스,현재 opcode 미연결; 사용 안 함을 뜻하지 않음,,,V00,"모든 직접 호출과 serializer 역참조, RTTI/apply, 문자열·호출자를 조사한다. 관측 길이별로 비교하고 수신기 기본 경로인 경우 다른 방향/빌드를 먼저 확인한다.",소비 경로로 행동 후보를 좁힌 다음 후보 행동을 하나씩 독립 기록하고 가능하면 실제 송수신 경로와 함께 대조한다.,"무행동, 비슷한 다른 행동, 다른 모드/상태/빌드를 대조한다.",특정 행동과 필드 해석을 지지하는 사례와 반증 대조를 함께 확보하기 전에는 unknown을 유지한다. 미관측을 미사용/예약 코드로 단정하지 않는다.
Nuo::Kindred::BtN_Action_ModifyFlag,012882c8,기타 관련 기반/연출/UI/플랫폼 클래스,현재 opcode 미연결; 사용 안 함을 뜻하지 않음,,,V00,"모든 직접 호출과 serializer 역참조, RTTI/apply, 문자열·호출자를 조사한다. 관측 길이별로 비교하고 수신기 기본 경로인 경우 다른 방향/빌드를 먼저 확인한다.",소비 경로로 행동 후보를 좁힌 다음 후보 행동을 하나씩 독립 기록하고 가능하면 실제 송수신 경로와 함께 대조한다.,"무행동, 비슷한 다른 행동, 다른 모드/상태/빌드를 대조한다.",특정 행동과 필드 해석을 지지하는 사례와 반증 대조를 함께 확보하기 전에는 unknown을 유지한다. 미관측을 미사용/예약 코드로 단정하지 않는다.
Nuo::Composite::Action_SetVisible,0129a420,기타 관련 기반/연출/UI/플랫폼 클래스,현재 opcode 미연결; 사용 안 함을 뜻하지 않음,,,V09,"localization/audio/pfx/UI 소비 경로와 수신 범위, 참조 ID·위치·지속시간, 로컬 요청 여부를 확인한다.",비공개/연습 환경에서 해당 알림·핑·음성·효과·표시를 하나씩 발생시키고 지원되는 관점별 화면/음향을 비교한다.,"로컬 표시/음량 설정 변경, 수신 범위 밖, 유사하지만 다른 알림을 대조한다.",ID·대상·범위·표시가 일치하고 로컬 연출을 피해·처치·아이템 획득으로 오인하지 않는다.
Nuo::Composite::Action_SetHittable,0129a43c,기타 관련 기반/연출/UI/플랫폼 클래스,현재 opcode 미연결; 사용 안 함을 뜻하지 않음,,,V09,"localization/audio/pfx/UI 소비 경로와 수신 범위, 참조 ID·위치·지속시간, 로컬 요청 여부를 확인한다.",비공개/연습 환경에서 해당 알림·핑·음성·효과·표시를 하나씩 발생시키고 지원되는 관점별 화면/음향을 비교한다.,"로컬 표시/음량 설정 변경, 수신 범위 밖, 유사하지만 다른 알림을 대조한다.",ID·대상·범위·표시가 일치하고 로컬 연출을 피해·처치·아이템 획득으로 오인하지 않는다.
Nuo::Composite::Action_Interval,0129a458,기타 관련 기반/연출/UI/플랫폼 클래스,현재 opcode 미연결; 사용 안 함을 뜻하지 않음,,,V09,"localization/audio/pfx/UI 소비 경로와 수신 범위, 참조 ID·위치·지속시간, 로컬 요청 여부를 확인한다.",비공개/연습 환경에서 해당 알림·핑·음성·효과·표시를 하나씩 발생시키고 지원되는 관점별 화면/음향을 비교한다.,"로컬 표시/음량 설정 변경, 수신 범위 밖, 유사하지만 다른 알림을 대조한다.",ID·대상·범위·표시가 일치하고 로컬 연출을 피해·처치·아이템 획득으로 오인하지 않는다.
Nuo::Composite::Action_Spawn,0129a474,기타 관련 기반/연출/UI/플랫폼 클래스,현재 opcode 미연결; 사용 안 함을 뜻하지 않음,,,V09,"localization/audio/pfx/UI 소비 경로와 수신 범위, 참조 ID·위치·지속시간, 로컬 요청 여부를 확인한다.",비공개/연습 환경에서 해당 알림·핑·음성·효과·표시를 하나씩 발생시키고 지원되는 관점별 화면/음향을 비교한다.,"로컬 표시/음량 설정 변경, 수신 범위 밖, 유사하지만 다른 알림을 대조한다.",ID·대상·범위·표시가 일치하고 로컬 연출을 피해·처치·아이템 획득으로 오인하지 않는다.
Nuo::Composite::Action_Sequence,0129a490,기타 관련 기반/연출/UI/플랫폼 클래스,현재 opcode 미연결; 사용 안 함을 뜻하지 않음,,,V09,"localization/audio/pfx/UI 소비 경로와 수신 범위, 참조 ID·위치·지속시간, 로컬 요청 여부를 확인한다.",비공개/연습 환경에서 해당 알림·핑·음성·효과·표시를 하나씩 발생시키고 지원되는 관점별 화면/음향을 비교한다.,"로컬 표시/음량 설정 변경, 수신 범위 밖, 유사하지만 다른 알림을 대조한다.",ID·대상·범위·표시가 일치하고 로컬 연출을 피해·처치·아이템 획득으로 오인하지 않는다.
Nuo::Composite::Action_MoveBy,0129a4ac,기타 관련 기반/연출/UI/플랫폼 클래스,현재 opcode 미연결; 사용 안 함을 뜻하지 않음,,,V09,"localization/audio/pfx/UI 소비 경로와 수신 범위, 참조 ID·위치·지속시간, 로컬 요청 여부를 확인한다.",비공개/연습 환경에서 해당 알림·핑·음성·효과·표시를 하나씩 발생시키고 지원되는 관점별 화면/음향을 비교한다.,"로컬 표시/음량 설정 변경, 수신 범위 밖, 유사하지만 다른 알림을 대조한다.",ID·대상·범위·표시가 일치하고 로컬 연출을 피해·처치·아이템 획득으로 오인하지 않는다.
Nuo::Composite::Action_MoveByTrajectory,0129a4c8,기타 관련 기반/연출/UI/플랫폼 클래스,현재 opcode 미연결; 사용 안 함을 뜻하지 않음,,,V09,"localization/audio/pfx/UI 소비 경로와 수신 범위, 참조 ID·위치·지속시간, 로컬 요청 여부를 확인한다.",비공개/연습 환경에서 해당 알림·핑·음성·효과·표시를 하나씩 발생시키고 지원되는 관점별 화면/음향을 비교한다.,"로컬 표시/음량 설정 변경, 수신 범위 밖, 유사하지만 다른 알림을 대조한다.",ID·대상·범위·표시가 일치하고 로컬 연출을 피해·처치·아이템 획득으로 오인하지 않는다.
Nuo::Composite::Action_MoveTo,0129a4e4,기타 관련 기반/연출/UI/플랫폼 클래스,현재 opcode 미연결; 사용 안 함을 뜻하지 않음,,,V09,"localization/audio/pfx/UI 소비 경로와 수신 범위, 참조 ID·위치·지속시간, 로컬 요청 여부를 확인한다.",비공개/연습 환경에서 해당 알림·핑·음성·효과·표시를 하나씩 발생시키고 지원되는 관점별 화면/음향을 비교한다.,"로컬 표시/음량 설정 변경, 수신 범위 밖, 유사하지만 다른 알림을 대조한다.",ID·대상·범위·표시가 일치하고 로컬 연출을 피해·처치·아이템 획득으로 오인하지 않는다.
Nuo::Composite::Action_AlphaTo,0129a500,기타 관련 기반/연출/UI/플랫폼 클래스,현재 opcode 미연결; 사용 안 함을 뜻하지 않음,,,V09,"localization/audio/pfx/UI 소비 경로와 수신 범위, 참조 ID·위치·지속시간, 로컬 요청 여부를 확인한다.",비공개/연습 환경에서 해당 알림·핑·음성·효과·표시를 하나씩 발생시키고 지원되는 관점별 화면/음향을 비교한다.,"로컬 표시/음량 설정 변경, 수신 범위 밖, 유사하지만 다른 알림을 대조한다.",ID·대상·범위·표시가 일치하고 로컬 연출을 피해·처치·아이템 획득으로 오인하지 않는다.
Nuo::Composite::Action_TintTo,0129a51c,기타 관련 기반/연출/UI/플랫폼 클래스,현재 opcode 미연결; 사용 안 함을 뜻하지 않음,,,V09,"localization/audio/pfx/UI 소비 경로와 수신 범위, 참조 ID·위치·지속시간, 로컬 요청 여부를 확인한다.",비공개/연습 환경에서 해당 알림·핑·음성·효과·표시를 하나씩 발생시키고 지원되는 관점별 화면/음향을 비교한다.,"로컬 표시/음량 설정 변경, 수신 범위 밖, 유사하지만 다른 알림을 대조한다.",ID·대상·범위·표시가 일치하고 로컬 연출을 피해·처치·아이템 획득으로 오인하지 않는다.
Nuo::Composite::Action_TextColorTo,0129a538,기타 관련 기반/연출/UI/플랫폼 클래스,현재 opcode 미연결; 사용 안 함을 뜻하지 않음,,,V09,"localization/audio/pfx/UI 소비 경로와 수신 범위, 참조 ID·위치·지속시간, 로컬 요청 여부를 확인한다.",비공개/연습 환경에서 해당 알림·핑·음성·효과·표시를 하나씩 발생시키고 지원되는 관점별 화면/음향을 비교한다.,"로컬 표시/음량 설정 변경, 수신 범위 밖, 유사하지만 다른 알림을 대조한다.",ID·대상·범위·표시가 일치하고 로컬 연출을 피해·처치·아이템 획득으로 오인하지 않는다.
Nuo::Composite::Action_ScaleBy,0129a554,기타 관련 기반/연출/UI/플랫폼 클래스,현재 opcode 미연결; 사용 안 함을 뜻하지 않음,,,V09,"localization/audio/pfx/UI 소비 경로와 수신 범위, 참조 ID·위치·지속시간, 로컬 요청 여부를 확인한다.",비공개/연습 환경에서 해당 알림·핑·음성·효과·표시를 하나씩 발생시키고 지원되는 관점별 화면/음향을 비교한다.,"로컬 표시/음량 설정 변경, 수신 범위 밖, 유사하지만 다른 알림을 대조한다.",ID·대상·범위·표시가 일치하고 로컬 연출을 피해·처치·아이템 획득으로 오인하지 않는다.
Nuo::Composite::Action_RotateTo,0129a570,기타 관련 기반/연출/UI/플랫폼 클래스,현재 opcode 미연결; 사용 안 함을 뜻하지 않음,,,V09,"localization/audio/pfx/UI 소비 경로와 수신 범위, 참조 ID·위치·지속시간, 로컬 요청 여부를 확인한다.",비공개/연습 환경에서 해당 알림·핑·음성·효과·표시를 하나씩 발생시키고 지원되는 관점별 화면/음향을 비교한다.,"로컬 표시/음량 설정 변경, 수신 범위 밖, 유사하지만 다른 알림을 대조한다.",ID·대상·범위·표시가 일치하고 로컬 연출을 피해·처치·아이템 획득으로 오인하지 않는다.
Nuo::Composite::Action_SizeTo,0129a58c,기타 관련 기반/연출/UI/플랫폼 클래스,현재 opcode 미연결; 사용 안 함을 뜻하지 않음,,,V09,"localization/audio/pfx/UI 소비 경로와 수신 범위, 참조 ID·위치·지속시간, 로컬 요청 여부를 확인한다.",비공개/연습 환경에서 해당 알림·핑·음성·효과·표시를 하나씩 발생시키고 지원되는 관점별 화면/음향을 비교한다.,"로컬 표시/음량 설정 변경, 수신 범위 밖, 유사하지만 다른 알림을 대조한다.",ID·대상·범위·표시가 일치하고 로컬 연출을 피해·처치·아이템 획득으로 오인하지 않는다.
Nuo::Composite::Action_TextureSizeTo,0129a5a8,기타 관련 기반/연출/UI/플랫폼 클래스,현재 opcode 미연결; 사용 안 함을 뜻하지 않음,,,V09,"localization/audio/pfx/UI 소비 경로와 수신 범위, 참조 ID·위치·지속시간, 로컬 요청 여부를 확인한다.",비공개/연습 환경에서 해당 알림·핑·음성·효과·표시를 하나씩 발생시키고 지원되는 관점별 화면/음향을 비교한다.,"로컬 표시/음량 설정 변경, 수신 범위 밖, 유사하지만 다른 알림을 대조한다.",ID·대상·범위·표시가 일치하고 로컬 연출을 피해·처치·아이템 획득으로 오인하지 않는다.
Nuo::Composite::Action_AnimAttr1f,0129a5c4,기타 관련 기반/연출/UI/플랫폼 클래스,현재 opcode 미연결; 사용 안 함을 뜻하지 않음,,,V09,"localization/audio/pfx/UI 소비 경로와 수신 범위, 참조 ID·위치·지속시간, 로컬 요청 여부를 확인한다.",비공개/연습 환경에서 해당 알림·핑·음성·효과·표시를 하나씩 발생시키고 지원되는 관점별 화면/음향을 비교한다.,"로컬 표시/음량 설정 변경, 수신 범위 밖, 유사하지만 다른 알림을 대조한다.",ID·대상·범위·표시가 일치하고 로컬 연출을 피해·처치·아이템 획득으로 오인하지 않는다.
Nuo::Composite::Action_CallbackContinuous,0129a5e0,기타 관련 기반/연출/UI/플랫폼 클래스,현재 opcode 미연결; 사용 안 함을 뜻하지 않음,,,V09,"localization/audio/pfx/UI 소비 경로와 수신 범위, 참조 ID·위치·지속시간, 로컬 요청 여부를 확인한다.",비공개/연습 환경에서 해당 알림·핑·음성·효과·표시를 하나씩 발생시키고 지원되는 관점별 화면/음향을 비교한다.,"로컬 표시/음량 설정 변경, 수신 범위 밖, 유사하지만 다른 알림을 대조한다.",ID·대상·범위·표시가 일치하고 로컬 연출을 피해·처치·아이템 획득으로 오인하지 않는다.
Nuo::Composite::Action_DispatchEvent,0129a5fc,기타 관련 기반/연출/UI/플랫폼 클래스,현재 opcode 미연결; 사용 안 함을 뜻하지 않음,,,V09,"localization/audio/pfx/UI 소비 경로와 수신 범위, 참조 ID·위치·지속시간, 로컬 요청 여부를 확인한다.",비공개/연습 환경에서 해당 알림·핑·음성·효과·표시를 하나씩 발생시키고 지원되는 관점별 화면/음향을 비교한다.,"로컬 표시/음량 설정 변경, 수신 범위 밖, 유사하지만 다른 알림을 대조한다.",ID·대상·범위·표시가 일치하고 로컬 연출을 피해·처치·아이템 획득으로 오인하지 않는다.
Nuo::Composite::Action,0129b034,기타 관련 기반/연출/UI/플랫폼 클래스,현재 opcode 미연결; 사용 안 함을 뜻하지 않음,,,V09,"localization/audio/pfx/UI 소비 경로와 수신 범위, 참조 ID·위치·지속시간, 로컬 요청 여부를 확인한다.",비공개/연습 환경에서 해당 알림·핑·음성·효과·표시를 하나씩 발생시키고 지원되는 관점별 화면/음향을 비교한다.,"로컬 표시/음량 설정 변경, 수신 범위 밖, 유사하지만 다른 알림을 대조한다.",ID·대상·범위·표시가 일치하고 로컬 연출을 피해·처치·아이템 획득으로 오인하지 않는다.
Nuo::Composite::ActionManager,0129b7e4,기타 관련 기반/연출/UI/플랫폼 클래스,현재 opcode 미연결; 사용 안 함을 뜻하지 않음,,,V09,"localization/audio/pfx/UI 소비 경로와 수신 범위, 참조 ID·위치·지속시간, 로컬 요청 여부를 확인한다.",비공개/연습 환경에서 해당 알림·핑·음성·효과·표시를 하나씩 발생시키고 지원되는 관점별 화면/음향을 비교한다.,"로컬 표시/음량 설정 변경, 수신 범위 밖, 유사하지만 다른 알림을 대조한다.",ID·대상·범위·표시가 일치하고 로컬 연출을 피해·처치·아이템 획득으로 오인하지 않는다.
